agent,board,magnitude,frequency,seed,label,condition,shift_idx,to_opponent,returns_to_A,shift_at_step,baseline,threshold80,min_rolling,perf_drop,end_rolling,disrupted,recovered,recovery_games,adapt_cost_games,adapt_cost_ksteps,segment_games
ppo,13x13,med,f2,1,med-f2,corner-phase2-med-f2-s1,0,defensive,1,500219,0.99,0.792,0.72,0.27,0.95,1,1,7,275.14,40.37,6252
ppo,13x13,med,f2,1,med-f2,corner-phase2-med-f2-s1,1,corner,0,1400561,0.95,0.76,0.94,0.01,0.99,0,1,0,0.61,0.08,6390
ppo,13x13,med,f2,1,med-f2,corner-phase2-med-f2-s1,2,defensive,1,2300229,0.99,0.792,0.85,0.14,0.99,0,1,0,186.59,28.22,6107
ppo,13x13,med,f2,1,med-f2,corner-phase2-med-f2-s1,3,corner,0,3200251,0.99,0.792,0.94,0.05,0.99,0,1,0,49.9,6.61,6010
ppo,13x13,low,f3,2,low-f3,corner-phase2-low-f3-s2,0,edge,1,500157,0.98,0.784,0.8,0.18,0.97,0,1,0,52.08,9.52,2127
ppo,13x13,low,f3,2,low-f3,corner-phase2-low-f3-s2,1,corner,0,850201,0.97,0.776,0.85,0.12,0.99,0,1,0,70.93,10.32,2448
ppo,13x13,low,f3,2,low-f3,corner-phase2-low-f3-s2,2,edge,1,1200157,0.99,0.792,0.83,0.16,0.91,0,1,0,73.5,12.55,2174
ppo,13x13,low,f3,2,low-f3,corner-phase2-low-f3-s2,3,corner,0,1550255,0.91,0.728,0.89,0.02,0.92,0,1,0,0.26,0.04,2511
ppo,13x13,low,f3,2,low-f3,corner-phase2-low-f3-s2,4,edge,1,1900247,0.92,0.736,0.84,0.08,0.93,0,1,0,12.91,2.33,2146
ppo,13x13,low,f3,2,low-f3,corner-phase2-low-f3-s2,5,corner,0,2250159,0.93,0.744,0.91,0.02,0.93,0,1,0,1.29,0.18,2461
ppo,13x13,low,f3,2,low-f3,corner-phase2-low-f3-s2,6,edge,1,2600308,0.93,0.744,0.86,0.07,0.95,0,1,0,8.9,1.56,2239
ppo,13x13,low,f3,2,low-f3,corner-phase2-low-f3-s2,7,corner,0,2950134,0.95,0.76,0.87,0.08,0.98,0,1,0,17.02,2.23,2552
ppo,13x13,low,f3,2,low-f3,corner-phase2-low-f3-s2,8,edge,1,3300241,0.98,0.784,0.92,0.06,0.96,0,1,0,28.13,4.41,2257
ppo,13x13,low,f3,2,low-f3,corner-phase2-low-f3-s2,9,corner,0,3650198,0.96,0.768,0.89,0.07,1.0,0,1,0,9.16,1.38,2574
ppo,13x13,high,f1,2,high-f1,greedy-phase2-high-f1-s2,0,defensive,1,500212,0.94,0.752,0.73,0.21,0.97,1,1,8,125.48,14.84,22251
ppo,13x13,high,f1,2,high-f1,greedy-phase2-high-f1-s2,1,greedy,0,3200324,0.97,0.776,0.89,0.08,0.96,0,1,0,49.6,10.7,3804
ppo,13x13,low,f1,0,low-f1,corner-phase2-low-f1,0,edge,1,500147,0.98,0.784,0.86,0.12,0.96,0,1,0,454.39,60.76,20724
ppo,13x13,low,f1,0,low-f1,corner-phase2-low-f1,1,corner,0,3200171,0.96,0.768,0.91,0.05,0.99,0,1,0,21.59,2.62,6869
ppo,13x13,low,f2,2,low-f2,corner-phase2-low-f2-s2,0,edge,1,500157,0.98,0.784,0.8,0.18,0.98,0,1,0,134.55,20.04,6401
ppo,13x13,low,f2,2,low-f2,corner-phase2-low-f2-s2,1,corner,0,1400231,0.98,0.784,0.81,0.17,0.97,0,1,0,155.6,19.53,7209
ppo,13x13,low,f2,2,low-f2,corner-phase2-low-f2-s2,2,edge,1,2300189,0.97,0.776,0.92,0.05,0.94,0,1,0,28.06,4.08,7048
ppo,13x13,low,f2,2,low-f2,corner-phase2-low-f2-s2,3,corner,0,3200133,0.94,0.752,0.91,0.03,0.95,0,1,0,5.17,0.64,7109
ppo,13x13,med,f3,0,med-f3,corner-phase2-med-f3,0,defensive,1,500179,0.98,0.784,0.91,0.07,0.98,0,1,0,40.39,6.45,2237
ppo,13x13,med,f3,0,med-f3,corner-phase2-med-f3,1,corner,0,850199,0.98,0.784,0.98,0.0,1.0,0,1,0,0.0,0.0,1923
ppo,13x13,med,f3,0,med-f3,corner-phase2-med-f3,2,defensive,1,1200166,1.0,0.8,0.76,0.24,0.99,1,1,45,201.68,28.52,2474
ppo,13x13,med,f3,0,med-f3,corner-phase2-med-f3,3,corner,0,1550391,0.99,0.792,0.92,0.07,0.98,0,1,0,16.41,2.61,2360
ppo,13x13,med,f3,0,med-f3,corner-phase2-med-f3,4,defensive,1,1900176,0.98,0.784,0.91,0.07,0.91,0,1,0,12.95,1.9,2377
ppo,13x13,med,f3,0,med-f3,corner-phase2-med-f3,5,corner,0,2250301,0.91,0.728,0.9,0.01,0.96,0,1,0,0.16,0.04,1805
ppo,13x13,med,f3,0,med-f3,corner-phase2-med-f3,6,defensive,1,2600191,0.96,0.768,0.94,0.02,0.97,0,1,0,1.86,0.25,2518
ppo,13x13,med,f3,0,med-f3,corner-phase2-med-f3,7,corner,0,2950194,0.97,0.776,0.95,0.02,1.0,0,1,0,2.02,0.64,1820
ppo,13x13,med,f3,0,med-f3,corner-phase2-med-f3,8,defensive,1,3300179,1.0,0.8,0.94,0.06,0.98,0,1,0,25.71,3.61,2473
ppo,13x13,med,f3,0,med-f3,corner-phase2-med-f3,9,corner,0,3650291,0.98,0.784,0.96,0.02,1.0,0,1,0,0.55,0.14,2346
ppo,13x13,med,f3,1,med-f3,corner-phase2-med-f3-s1,0,defensive,1,500219,0.99,0.792,0.72,0.27,0.95,1,1,7,177.6,26.84,2287
ppo,13x13,med,f3,1,med-f3,corner-phase2-med-f3-s1,1,corner,0,850450,0.95,0.76,0.94,0.01,0.98,0,1,0,0.27,0.05,2219
ppo,13x13,med,f3,1,med-f3,corner-phase2-med-f3-s1,2,defensive,1,1200155,0.98,0.784,0.75,0.23,0.99,1,1,12,98.21,14.57,2350
ppo,13x13,med,f3,1,med-f3,corner-phase2-med-f3-s1,3,corner,0,1550236,0.99,0.792,0.97,0.02,0.99,0,1,0,4.69,0.74,2297
ppo,13x13,med,f3,1,med-f3,corner-phase2-med-f3-s1,4,defensive,1,1900292,0.99,0.792,0.88,0.11,0.97,0,1,0,57.14,8.72,2267
ppo,13x13,med,f3,1,med-f3,corner-phase2-med-f3-s1,5,corner,0,2250205,0.97,0.776,0.95,0.02,0.98,0,1,0,1.13,0.23,2499
ppo,13x13,med,f3,1,med-f3,corner-phase2-med-f3-s1,6,defensive,1,2600185,0.98,0.784,0.91,0.07,0.97,0,1,0,37.47,5.36,2394
ppo,13x13,med,f3,1,med-f3,corner-phase2-med-f3-s1,7,corner,0,2950289,0.97,0.776,0.97,0.0,1.0,0,1,0,0.0,0.0,2382
ppo,13x13,med,f3,1,med-f3,corner-phase2-med-f3-s1,8,defensive,1,3300128,1.0,0.8,0.9,0.1,0.96,0,1,0,104.85,14.51,2539
ppo,13x13,med,f3,1,med-f3,corner-phase2-med-f3-s1,9,corner,0,3650236,0.96,0.768,0.96,0.0,0.99,0,1,0,0.0,0.0,2577
ppo,13x13,med,f2,0,med-f2,corner-phase2-med-f2,0,defensive,1,500179,0.98,0.784,0.91,0.07,0.99,0,1,0,47.97,7.67,5957
ppo,13x13,med,f2,0,med-f2,corner-phase2-med-f2,1,corner,0,1400306,0.99,0.792,0.91,0.08,0.95,0,1,0,70.21,10.85,5511
ppo,13x13,med,f2,0,med-f2,corner-phase2-med-f2,2,defensive,1,2300208,0.95,0.76,0.9,0.05,0.97,0,1,0,14.01,1.95,6328
ppo,13x13,med,f2,0,med-f2,corner-phase2-med-f2,3,corner,0,3200171,0.97,0.776,0.86,0.11,0.99,0,1,0,43.48,8.55,5295
ppo,13x13,low,f1,1,low-f1,corner-phase2-low-f1-s1,0,edge,1,500288,0.99,0.792,0.86,0.13,0.97,0,1,0,519.1,69.56,20897
ppo,13x13,low,f1,1,low-f1,corner-phase2-low-f1-s1,1,corner,0,3200143,0.97,0.776,0.9,0.07,1.0,0,1,0,67.9,8.61,6449
ppo,13x13,high,f3,1,high-f3,greedy-phase2-high-f3-s1,0,defensive,1,500274,0.98,0.784,0.55,0.43,0.98,1,1,396,273.66,33.57,2680
ppo,13x13,high,f3,1,high-f3,greedy-phase2-high-f3-s1,1,greedy,0,850244,0.98,0.784,0.84,0.14,0.97,0,1,0,58.6,11.7,1730
ppo,13x13,high,f3,1,high-f3,greedy-phase2-high-f3-s1,2,defensive,1,1200155,0.97,0.776,0.82,0.15,1.0,0,1,0,62.22,8.05,2574
ppo,13x13,high,f3,1,high-f3,greedy-phase2-high-f3-s1,3,greedy,0,1550516,1.0,0.8,0.91,0.09,0.96,0,1,0,50.87,10.18,1687
ppo,13x13,high,f3,1,high-f3,greedy-phase2-high-f3-s1,4,defensive,1,1900167,0.96,0.768,0.74,0.22,0.99,1,1,50,119.47,14.73,2645
ppo,13x13,high,f3,1,high-f3,greedy-phase2-high-f3-s1,5,greedy,0,2250295,0.99,0.792,0.91,0.08,0.98,0,1,0,36.54,6.84,1750
ppo,13x13,high,f3,1,high-f3,greedy-phase2-high-f3-s1,6,defensive,1,2600205,0.98,0.784,0.76,0.22,0.95,1,1,1,95.04,11.61,2802
ppo,13x13,high,f3,1,high-f3,greedy-phase2-high-f3-s1,7,greedy,0,2950601,0.95,0.76,0.95,0.0,0.96,0,1,0,0.0,0.0,1959
ppo,13x13,high,f3,1,high-f3,greedy-phase2-high-f3-s1,8,defensive,1,3300217,0.96,0.768,0.87,0.09,0.99,0,1,0,44.66,5.3,2946
ppo,13x13,high,f3,1,high-f3,greedy-phase2-high-f3-s1,9,greedy,0,3650194,0.99,0.792,0.87,0.12,0.97,0,1,0,63.5,10.18,2208
ppo,13x13,med,f1,2,med-f1,corner-phase2-med-f1-s2,0,defensive,1,500156,0.98,0.784,0.77,0.21,0.96,1,1,11,449.65,62.08,19807
ppo,13x13,med,f1,2,med-f1,corner-phase2-med-f1-s2,1,corner,0,3200233,0.96,0.768,0.87,0.09,0.99,0,1,0,34.83,7.9,3363
ppo,13x13,high,f3,0,high-f3,greedy-phase2-high-f3,0,defensive,1,500221,0.95,0.76,0.79,0.16,0.98,0,1,0,50.64,6.51,2545
ppo,13x13,high,f3,0,high-f3,greedy-phase2-high-f3,1,greedy,0,850218,0.98,0.784,0.9,0.08,0.95,0,1,0,33.81,6.39,1833
ppo,13x13,high,f3,0,high-f3,greedy-phase2-high-f3,2,defensive,1,1200256,0.95,0.76,0.71,0.24,0.88,1,1,5,82.54,9.98,2664
ppo,13x13,high,f3,0,high-f3,greedy-phase2-high-f3,3,greedy,0,1550190,0.88,0.704,0.86,0.02,0.95,0,1,0,0.56,0.11,1770
ppo,13x13,high,f3,0,high-f3,greedy-phase2-high-f3,4,defensive,1,1900222,0.95,0.76,0.84,0.11,0.98,0,1,0,73.69,9.28,2736
ppo,13x13,high,f3,0,high-f3,greedy-phase2-high-f3,5,greedy,0,2250256,0.98,0.784,0.95,0.03,0.98,0,1,0,4.92,0.88,1803
ppo,13x13,high,f3,0,high-f3,greedy-phase2-high-f3,6,defensive,1,2600233,0.98,0.784,0.85,0.13,1.0,0,1,0,81.48,10.46,2671
ppo,13x13,high,f3,0,high-f3,greedy-phase2-high-f3,7,greedy,0,2950247,1.0,0.8,0.92,0.08,0.96,0,1,0,48.25,9.0,1794
ppo,13x13,high,f3,0,high-f3,greedy-phase2-high-f3,8,defensive,1,3300194,0.96,0.768,0.88,0.08,0.95,0,1,0,64.5,8.18,2743
ppo,13x13,high,f3,0,high-f3,greedy-phase2-high-f3,9,greedy,0,3650172,0.95,0.76,0.92,0.03,0.94,0,1,0,3.02,0.45,2084
ppo,13x13,high,f2,0,high-f2,greedy-phase2-high-f2,0,defensive,1,500221,0.95,0.76,0.79,0.16,0.99,0,1,0,61.17,7.85,6741
ppo,13x13,high,f2,0,high-f2,greedy-phase2-high-f2,1,greedy,0,1400402,0.99,0.792,0.88,0.11,0.99,0,1,0,171.52,33.69,4633
ppo,13x13,high,f2,0,high-f2,greedy-phase2-high-f2,2,defensive,1,2300149,0.99,0.792,0.58,0.41,0.96,1,1,202,412.91,49.63,7166
ppo,13x13,high,f2,0,high-f2,greedy-phase2-high-f2,3,greedy,0,3200557,0.96,0.768,0.8,0.16,0.95,0,1,0,93.26,18.38,3831
ppo,13x13,high,f2,1,high-f2,greedy-phase2-high-f2-s1,0,defensive,1,500274,0.98,0.784,0.55,0.43,0.97,1,1,396,358.79,44.88,6782
ppo,13x13,high,f2,1,high-f2,greedy-phase2-high-f2-s1,1,greedy,0,1400299,0.97,0.776,0.9,0.07,0.95,0,1,0,50.49,11.18,3973
ppo,13x13,high,f2,1,high-f2,greedy-phase2-high-f2-s1,2,defensive,1,2300242,0.95,0.76,0.62,0.33,0.97,1,1,109,171.36,21.14,6750
ppo,13x13,high,f2,1,high-f2,greedy-phase2-high-f2-s1,3,greedy,0,3200245,0.97,0.776,0.88,0.09,0.96,0,1,0,34.91,6.54,4273
ppo,13x13,med,f2,2,med-f2,corner-phase2-med-f2-s2,0,defensive,1,500156,0.98,0.784,0.77,0.21,0.97,1,1,11,211.91,30.73,6257
ppo,13x13,med,f2,2,med-f2,corner-phase2-med-f2-s2,1,corner,0,1400203,0.97,0.776,0.93,0.04,0.97,0,1,0,33.08,5.08,5529
ppo,13x13,med,f2,2,med-f2,corner-phase2-med-f2-s2,2,defensive,1,2300178,0.97,0.776,0.81,0.16,0.97,0,1,0,78.62,10.84,6590
ppo,13x13,med,f2,2,med-f2,corner-phase2-med-f2-s2,3,corner,0,3200485,0.97,0.776,0.93,0.04,0.99,0,1,0,14.22,2.11,5302
ppo,13x13,low,f3,1,low-f3,corner-phase2-low-f3-s1,0,edge,1,500288,0.99,0.792,0.86,0.13,0.96,0,1,0,103.56,17.66,2059
ppo,13x13,low,f3,1,low-f3,corner-phase2-low-f3-s1,1,corner,0,850224,0.96,0.768,0.94,0.02,1.0,0,1,0,1.62,0.23,2348
ppo,13x13,low,f3,1,low-f3,corner-phase2-low-f3-s1,2,edge,1,1200247,1.0,0.8,0.92,0.08,1.0,0,1,0,67.0,10.11,2343
ppo,13x13,low,f3,1,low-f3,corner-phase2-low-f3-s1,3,corner,0,1550155,1.0,0.8,0.95,0.05,0.98,0,1,0,40.49,4.99,2808
ppo,13x13,low,f3,1,low-f3,corner-phase2-low-f3-s1,4,edge,1,1900208,0.98,0.784,0.91,0.07,1.0,0,1,0,35.21,5.06,2540
ppo,13x13,low,f3,1,low-f3,corner-phase2-low-f3-s1,5,corner,0,2250139,1.0,0.8,0.93,0.07,0.95,0,1,0,72.05,8.35,3029
ppo,13x13,low,f3,1,low-f3,corner-phase2-low-f3-s1,6,edge,1,2600179,0.95,0.76,0.91,0.04,0.97,0,1,0,3.11,0.39,2766
ppo,13x13,low,f3,1,low-f3,corner-phase2-low-f3-s1,7,corner,0,2950136,0.97,0.776,0.91,0.06,0.98,0,1,0,29.18,3.39,3060
ppo,13x13,low,f3,1,low-f3,corner-phase2-low-f3-s1,8,edge,1,3300123,0.98,0.784,0.89,0.09,0.92,0,1,0,39.74,4.87,2858
ppo,13x13,low,f3,1,low-f3,corner-phase2-low-f3-s1,9,corner,0,3650142,0.92,0.736,0.88,0.04,0.97,0,1,0,3.31,0.37,3110
ppo,13x13,high,f1,1,high-f1,greedy-phase2-high-f1-s1,0,defensive,1,500274,0.98,0.784,0.55,0.43,0.98,1,1,396,624.15,76.61,21564
ppo,13x13,high,f1,1,high-f1,greedy-phase2-high-f1-s1,1,greedy,0,3200221,0.98,0.784,0.89,0.09,0.98,0,1,0,67.17,13.41,3890
ppo,13x13,low,f2,0,low-f2,corner-phase2-low-f2,0,edge,1,500147,0.98,0.784,0.86,0.12,0.99,0,1,0,157.96,24.11,5915
ppo,13x13,low,f2,0,low-f2,corner-phase2-low-f2,1,corner,0,1400213,0.99,0.792,0.88,0.11,0.97,0,1,0,105.02,15.26,6233
ppo,13x13,low,f2,0,low-f2,corner-phase2-low-f2,2,edge,1,2300199,0.97,0.776,0.86,0.11,0.98,0,1,0,108.16,18.1,6164
ppo,13x13,low,f2,0,low-f2,corner-phase2-low-f2,3,corner,0,3200162,0.98,0.784,0.91,0.07,0.93,0,1,0,70.5,8.84,6438
ppo,13x13,low,f2,1,low-f2,corner-phase2-low-f2-s1,0,edge,1,500288,0.99,0.792,0.86,0.13,0.93,0,1,0,164.38,26.75,5757
ppo,13x13,low,f2,1,low-f2,corner-phase2-low-f2-s1,1,corner,0,1400179,0.93,0.744,0.91,0.02,1.0,0,1,0,1.54,0.18,7880
ppo,13x13,low,f2,1,low-f2,corner-phase2-low-f2-s1,2,edge,1,2300245,1.0,0.8,0.87,0.13,0.87,0,1,0,179.96,20.58,8257
ppo,13x13,low,f2,1,low-f2,corner-phase2-low-f2-s1,3,corner,0,3200110,0.87,0.696,0.83,0.04,0.97,0,1,0,1.98,0.28,7625
ppo,13x13,med,f1,0,med-f1,corner-phase2-med-f1,0,defensive,1,500179,0.98,0.784,0.9,0.08,0.99,0,1,0,158.46,21.98,19618
ppo,13x13,med,f1,0,med-f1,corner-phase2-med-f1,1,corner,0,3200266,0.99,0.792,0.92,0.07,0.97,0,1,0,31.9,7.05,3678
ppo,13x13,med,f3,2,med-f3,corner-phase2-med-f3-s2,0,defensive,1,500156,0.98,0.784,0.77,0.21,1.0,1,1,11,150.87,22.26,2358
ppo,13x13,med,f3,2,med-f3,corner-phase2-med-f3-s2,1,corner,0,850212,1.0,0.8,0.86,0.14,0.97,0,1,0,100.85,20.19,1803
ppo,13x13,med,f3,2,med-f3,corner-phase2-med-f3-s2,2,defensive,1,1201434,0.97,0.776,0.75,0.22,0.96,1,1,2,100.99,13.64,2581
ppo,13x13,med,f3,2,med-f3,corner-phase2-med-f3-s2,3,corner,0,1550604,0.96,0.768,0.88,0.08,0.99,0,1,0,18.36,3.44,2184
ppo,13x13,med,f3,2,med-f3,corner-phase2-med-f3-s2,4,defensive,1,1900131,0.99,0.792,0.91,0.08,0.98,0,1,0,43.68,6.2,2463
ppo,13x13,med,f3,2,med-f3,corner-phase2-med-f3-s2,5,corner,0,2250449,0.98,0.784,0.95,0.03,0.99,0,1,0,4.22,0.93,2079
ppo,13x13,med,f3,2,med-f3,corner-phase2-med-f3-s2,6,defensive,1,2600180,0.99,0.792,0.83,0.16,1.0,0,1,0,131.27,18.23,2507
ppo,13x13,med,f3,2,med-f3,corner-phase2-med-f3-s2,7,corner,0,2950184,1.0,0.8,0.91,0.09,0.98,0,1,0,43.57,6.45,2303
ppo,13x13,med,f3,2,med-f3,corner-phase2-med-f3-s2,8,defensive,1,3300236,0.98,0.784,0.84,0.14,0.96,0,1,0,57.78,7.98,2484
ppo,13x13,med,f3,2,med-f3,corner-phase2-med-f3-s2,9,corner,0,3650508,0.96,0.768,0.95,0.01,0.99,0,1,0,0.06,0.01,2347
ppo,13x13,low,f3,0,low-f3,corner-phase2-low-f3,0,edge,1,500147,0.98,0.784,0.88,0.1,0.97,0,1,0,52.79,8.85,2092
ppo,13x13,low,f3,0,low-f3,corner-phase2-low-f3,1,corner,0,850258,0.97,0.776,0.89,0.08,0.99,0,1,0,24.82,3.72,2255
ppo,13x13,low,f3,0,low-f3,corner-phase2-low-f3,2,edge,1,1200226,0.99,0.792,0.87,0.12,0.92,0,1,0,84.03,12.79,2328
ppo,13x13,low,f3,0,low-f3,corner-phase2-low-f3,3,corner,0,1550301,0.92,0.736,0.9,0.02,0.96,0,1,0,0.59,0.08,2250
ppo,13x13,low,f3,0,low-f3,corner-phase2-low-f3,4,edge,1,1900111,0.96,0.768,0.89,0.07,0.94,0,1,0,29.16,4.03,2488
ppo,13x13,low,f3,0,low-f3,corner-phase2-low-f3,5,corner,0,2250225,0.94,0.752,0.93,0.01,0.95,0,1,0,0.3,0.04,2623
ppo,13x13,low,f3,0,low-f3,corner-phase2-low-f3,6,edge,1,2600151,0.95,0.76,0.89,0.06,0.95,0,1,0,17.53,2.33,2688
ppo,13x13,low,f3,0,low-f3,corner-phase2-low-f3,7,corner,0,2950213,0.95,0.76,0.85,0.1,0.99,0,1,0,39.0,5.41,2539
ppo,13x13,low,f3,0,low-f3,corner-phase2-low-f3,8,edge,1,3300585,0.99,0.792,0.88,0.11,0.92,0,1,0,54.63,7.29,2668
ppo,13x13,low,f3,0,low-f3,corner-phase2-low-f3,9,corner,0,3650194,0.92,0.736,0.9,0.02,1.0,0,1,0,0.96,0.11,3105
ppo,13x13,low,f1,2,low-f1,corner-phase2-low-f1-s2,0,edge,1,500157,0.98,0.784,0.8,0.18,1.0,0,1,0,379.14,56.31,19497
ppo,13x13,low,f1,2,low-f1,corner-phase2-low-f1-s2,1,corner,0,3200171,1.0,0.8,0.85,0.15,0.96,0,1,0,222.02,26.99,7024
ppo,13x13,high,f3,2,high-f3,greedy-phase2-high-f3-s2,0,defensive,1,500212,0.94,0.752,0.73,0.21,0.99,1,1,8,71.03,8.57,2719
ppo,13x13,high,f3,2,high-f3,greedy-phase2-high-f3-s2,1,greedy,0,850221,0.99,0.792,0.94,0.05,1.0,0,1,0,21.75,3.71,1976
ppo,13x13,high,f3,2,high-f3,greedy-phase2-high-f3-s2,2,defensive,1,1200167,1.0,0.8,0.81,0.19,0.98,0,1,0,162.04,19.84,2796
ppo,13x13,high,f3,2,high-f3,greedy-phase2-high-f3-s2,3,greedy,0,1550220,0.98,0.784,0.95,0.03,0.97,0,1,0,4.35,0.67,2114
ppo,13x13,high,f3,2,high-f3,greedy-phase2-high-f3-s2,4,defensive,1,1900126,0.97,0.776,0.68,0.29,0.94,1,1,1,115.9,13.41,2828
ppo,13x13,high,f3,2,high-f3,greedy-phase2-high-f3-s2,5,greedy,0,2250253,0.94,0.752,0.88,0.06,0.93,0,1,0,6.77,1.13,2005
ppo,13x13,high,f3,2,high-f3,greedy-phase2-high-f3-s2,6,defensive,1,2600260,0.93,0.744,0.85,0.08,0.94,0,1,0,16.4,1.88,2899
ppo,13x13,high,f3,2,high-f3,greedy-phase2-high-f3-s2,7,greedy,0,2950169,0.94,0.752,0.92,0.02,0.98,0,1,0,1.29,0.22,1960
ppo,13x13,high,f3,2,high-f3,greedy-phase2-high-f3-s2,8,defensive,1,3300218,0.98,0.784,0.77,0.21,0.97,1,1,16,182.51,21.47,2915
ppo,13x13,high,f3,2,high-f3,greedy-phase2-high-f3-s2,9,greedy,0,3650558,0.97,0.776,0.91,0.06,0.98,0,1,0,8.22,1.42,2011
ppo,13x13,med,f1,1,med-f1,corner-phase2-med-f1-s1,0,defensive,1,500219,0.99,0.792,0.72,0.27,1.0,1,1,7,566.79,78.1,20020
ppo,13x13,med,f1,1,med-f1,corner-phase2-med-f1-s1,1,corner,0,3200569,1.0,0.8,0.91,0.09,1.0,0,1,0,53.0,15.09,3820
ppo,13x13,high,f1,0,high-f1,greedy-phase2-high-f1,0,defensive,1,500221,0.95,0.76,0.79,0.16,1.0,0,1,0,114.65,13.81,22501
ppo,13x13,high,f1,0,high-f1,greedy-phase2-high-f1,1,greedy,0,3200242,1.0,0.8,0.81,0.19,0.98,0,1,0,211.05,49.47,3564
ppo,13x13,high,f2,2,high-f2,greedy-phase2-high-f2-s2,0,defensive,1,500212,0.94,0.752,0.73,0.21,0.93,1,1,8,88.85,10.75,7145
ppo,13x13,high,f2,2,high-f2,greedy-phase2-high-f2-s2,1,greedy,0,1400541,0.93,0.744,0.86,0.07,0.99,0,1,0,13.84,2.82,4500
ppo,13x13,high,f2,2,high-f2,greedy-phase2-high-f2-s2,2,defensive,1,2300281,0.99,0.792,0.9,0.09,0.99,0,1,0,108.22,13.8,7026
ppo,13x13,high,f2,2,high-f2,greedy-phase2-high-f2-s2,3,greedy,0,3200220,0.99,0.792,0.89,0.1,0.94,0,1,0,116.68,21.35,4539
ppo,9x9,med,f2,1,med-f2,corner-phase2-med-f2-s1,0,defensive,1,300094,1.0,0.8,0.88,0.12,0.99,0,1,0,235.45,15.83,7490
ppo,9x9,med,f2,1,med-f2,corner-phase2-med-f2-s1,1,corner,0,800258,0.99,0.792,0.89,0.1,0.99,0,1,0,30.89,1.49,12478
ppo,9x9,med,f2,1,med-f2,corner-phase2-med-f2-s1,2,defensive,1,1300123,0.99,0.792,0.9,0.09,0.97,0,1,0,182.32,10.07,8786
ppo,9x9,med,f2,1,med-f2,corner-phase2-med-f2-s1,3,corner,0,1800105,0.97,0.776,0.77,0.2,1.0,1,1,1,40.23,3.19,12772
ppo,9x9,low,f3,2,low-f3,corner-phase2-low-f3-s2,0,edge,1,300092,1.0,0.8,0.94,0.06,1.0,0,1,0,45.0,2.37,3730
ppo,9x9,low,f3,2,low-f3,corner-phase2-low-f3-s2,1,corner,0,500041,1.0,0.8,0.89,0.11,1.0,0,1,0,53.0,2.22,5067
ppo,9x9,low,f3,2,low-f3,corner-phase2-low-f3-s2,2,edge,1,700048,1.0,0.8,0.97,0.03,1.0,0,1,0,18.0,0.92,4059
ppo,9x9,low,f3,2,low-f3,corner-phase2-low-f3-s2,3,corner,0,900066,1.0,0.8,0.97,0.03,1.0,0,1,0,17.0,0.64,5293
ppo,9x9,low,f3,2,low-f3,corner-phase2-low-f3-s2,4,edge,1,1100073,1.0,0.8,0.94,0.06,0.98,0,1,0,60.26,2.66,4500
ppo,9x9,low,f3,2,low-f3,corner-phase2-low-f3-s2,5,corner,0,1300062,0.98,0.784,0.97,0.01,0.99,0,1,0,0.92,0.04,5160
ppo,9x9,low,f3,2,low-f3,corner-phase2-low-f3-s2,6,edge,1,1500057,0.99,0.792,0.96,0.03,0.99,0,1,0,25.09,1.08,4671
ppo,9x9,low,f3,2,low-f3,corner-phase2-low-f3-s2,7,corner,0,1700067,0.99,0.792,0.97,0.02,1.0,0,1,0,5.18,0.19,5304
ppo,9x9,low,f3,2,low-f3,corner-phase2-low-f3-s2,8,edge,1,1900061,1.0,0.8,0.93,0.07,1.0,0,1,0,18.0,0.75,4789
ppo,9x9,low,f3,2,low-f3,corner-phase2-low-f3-s2,9,corner,0,2100067,1.0,0.8,0.89,0.11,1.0,0,1,0,22.0,0.85,5351
ppo,9x9,high,f1,2,high-f1,greedy-phase2-high-f1-s2,0,defensive,1,300079,0.99,0.792,0.73,0.26,0.98,1,1,7,491.31,25.94,29246
ppo,9x9,high,f1,2,high-f1,greedy-phase2-high-f1-s2,1,greedy,0,1800094,0.98,0.784,0.92,0.06,0.98,0,1,0,34.62,1.97,9119
ppo,9x9,low,f1,0,low-f1,corner-phase2-low-f1,0,edge,1,300092,1.0,0.8,0.77,0.23,1.0,1,1,62,176.0,7.72,36373
ppo,9x9,low,f1,0,low-f1,corner-phase2-low-f1,1,corner,0,1800082,1.0,0.8,0.97,0.03,1.0,0,1,0,35.0,1.34,13156
ppo,9x9,low,f2,2,low-f2,corner-phase2-low-f2-s2,0,edge,1,300092,1.0,0.8,0.94,0.06,0.99,0,1,0,82.68,3.93,10998
ppo,9x9,low,f2,2,low-f2,corner-phase2-low-f2-s2,1,corner,0,800051,0.99,0.792,0.94,0.05,1.0,0,1,0,21.51,0.89,13187
ppo,9x9,low,f2,2,low-f2,corner-phase2-low-f2-s2,2,edge,1,1300056,1.0,0.8,0.72,0.28,1.0,1,1,75,126.0,5.25,12031
ppo,9x9,low,f2,2,low-f2,corner-phase2-low-f2-s2,3,corner,0,1800069,1.0,0.8,0.96,0.04,1.0,0,1,0,48.0,1.84,13183
ppo,9x9,med,f3,0,med-f3,corner-phase2-med-f3,0,defensive,1,300070,1.0,0.8,0.78,0.22,0.96,1,1,4,87.11,6.48,2732
ppo,9x9,med,f3,0,med-f3,corner-phase2-med-f3,1,corner,0,500072,0.96,0.768,0.95,0.01,0.99,0,1,0,0.32,0.02,5224
ppo,9x9,med,f3,0,med-f3,corner-phase2-med-f3,2,defensive,1,700075,0.99,0.792,0.87,0.12,0.99,0,1,0,59.09,3.87,3096
ppo,9x9,med,f3,0,med-f3,corner-phase2-med-f3,3,corner,0,900093,0.99,0.792,0.89,0.1,1.0,0,1,0,24.07,1.81,4739
ppo,9x9,med,f3,0,med-f3,corner-phase2-med-f3,4,defensive,1,1100107,1.0,0.8,0.83,0.17,0.98,0,1,0,88.88,5.81,3072
ppo,9x9,med,f3,0,med-f3,corner-phase2-med-f3,5,corner,0,1300103,0.98,0.784,0.98,0.0,1.0,0,1,0,0.0,0.0,5426
ppo,9x9,med,f3,0,med-f3,corner-phase2-med-f3,6,defensive,1,1500072,1.0,0.8,0.93,0.07,0.99,0,1,0,44.72,2.68,3295
ppo,9x9,med,f3,0,med-f3,corner-phase2-med-f3,7,corner,0,1700044,0.99,0.792,0.98,0.01,1.0,0,1,0,0.26,0.01,5405
ppo,9x9,med,f3,0,med-f3,corner-phase2-med-f3,8,defensive,1,1900070,1.0,0.8,0.85,0.15,0.98,0,1,0,115.07,6.65,3445
ppo,9x9,med,f3,0,med-f3,corner-phase2-med-f3,9,corner,0,2100654,0.98,0.784,0.92,0.06,1.0,0,1,0,15.08,1.48,4183
ppo,9x9,med,f3,1,med-f3,corner-phase2-med-f3-s1,0,defensive,1,300094,1.0,0.8,0.92,0.08,0.94,0,1,0,95.53,6.89,2799
ppo,9x9,med,f3,1,med-f3,corner-phase2-med-f3-s1,1,corner,0,500091,0.94,0.752,0.94,0.0,1.0,0,1,0,0.0,0.0,5053
ppo,9x9,med,f3,1,med-f3,corner-phase2-med-f3-s1,2,defensive,1,700103,1.0,0.8,0.87,0.13,0.99,0,1,0,85.34,5.62,3003
ppo,9x9,med,f3,1,med-f3,corner-phase2-med-f3-s1,3,corner,0,900121,0.99,0.792,0.94,0.05,1.0,0,1,0,6.85,0.48,5044
ppo,9x9,med,f3,1,med-f3,corner-phase2-med-f3-s1,4,defensive,1,1100057,1.0,0.8,0.92,0.08,0.99,0,1,0,70.34,4.26,3276
ppo,9x9,med,f3,1,med-f3,corner-phase2-med-f3-s1,5,corner,0,1300140,0.99,0.792,0.96,0.03,0.99,0,1,0,4.18,0.19,5164
ppo,9x9,med,f3,1,med-f3,corner-phase2-med-f3-s1,6,defensive,1,1500079,0.99,0.792,0.94,0.05,0.97,0,1,0,31.54,1.73,3648
ppo,9x9,med,f3,1,med-f3,corner-phase2-med-f3-s1,7,corner,0,1700057,0.97,0.776,0.94,0.03,0.99,0,1,0,1.92,0.07,5252
ppo,9x9,med,f3,1,med-f3,corner-phase2-med-f3-s1,8,defensive,1,1900065,0.99,0.792,0.79,0.2,0.97,1,1,3,177.55,9.55,3737
ppo,9x9,med,f3,1,med-f3,corner-phase2-med-f3-s1,9,corner,0,2100070,0.97,0.776,0.95,0.02,1.0,0,1,0,1.22,0.08,5179
ppo,9x9,med,f2,0,med-f2,corner-phase2-med-f2,0,defensive,1,300070,1.0,0.8,0.78,0.22,0.93,1,1,4,218.56,14.68,7499
ppo,9x9,med,f2,0,med-f2,corner-phase2-med-f2,1,corner,0,800132,0.93,0.744,0.87,0.06,1.0,0,1,0,9.05,0.9,12115
ppo,9x9,med,f2,0,med-f2,corner-phase2-med-f2,2,defensive,1,1300098,1.0,0.8,0.71,0.29,1.0,1,1,92,246.0,15.78,8110
ppo,9x9,med,f2,0,med-f2,corner-phase2-med-f2,3,corner,0,1800174,1.0,0.8,0.91,0.09,1.0,0,1,0,100.0,5.62,11223
ppo,9x9,low,f1,1,low-f1,corner-phase2-low-f1-s1,0,edge,1,300078,1.0,0.8,0.94,0.06,0.99,0,1,0,194.51,8.73,35613
ppo,9x9,low,f1,1,low-f1,corner-phase2-low-f1-s1,1,corner,0,1800087,0.99,0.792,0.96,0.03,1.0,0,1,0,11.89,0.46,13259
ppo,9x9,high,f3,1,high-f3,greedy-phase2-high-f3-s1,0,defensive,1,300072,0.98,0.784,0.73,0.25,1.0,1,1,47,88.14,5.98,2993
ppo,9x9,high,f3,1,high-f3,greedy-phase2-high-f3-s1,1,greedy,0,500074,1.0,0.8,0.93,0.07,0.96,0,1,0,63.44,3.47,3595
ppo,9x9,high,f3,1,high-f3,greedy-phase2-high-f3-s1,2,defensive,1,700065,0.96,0.768,0.88,0.08,0.98,0,1,0,8.38,0.52,3234
ppo,9x9,high,f3,1,high-f3,greedy-phase2-high-f3-s1,3,greedy,0,900094,0.98,0.784,0.92,0.06,1.0,0,1,0,9.94,0.56,3527
ppo,9x9,high,f3,1,high-f3,greedy-phase2-high-f3-s1,4,defensive,1,1100101,1.0,0.8,0.87,0.13,0.97,0,1,0,91.78,5.44,3356
ppo,9x9,high,f3,1,high-f3,greedy-phase2-high-f3-s1,5,greedy,0,1300144,0.97,0.776,0.92,0.05,1.0,0,1,0,6.58,0.38,3551
ppo,9x9,high,f3,1,high-f3,greedy-phase2-high-f3-s1,6,defensive,1,1500133,1.0,0.8,0.91,0.09,0.96,0,1,0,106.51,6.24,3446
ppo,9x9,high,f3,1,high-f3,greedy-phase2-high-f3-s1,7,greedy,0,1700110,0.96,0.768,0.94,0.02,0.98,0,1,0,0.9,0.05,3446
ppo,9x9,high,f3,1,high-f3,greedy-phase2-high-f3-s1,8,defensive,1,1900106,0.98,0.784,0.8,0.18,1.0,0,1,0,82.08,4.55,3687
ppo,9x9,high,f3,1,high-f3,greedy-phase2-high-f3-s1,9,greedy,0,2100064,1.0,0.8,0.9,0.1,0.99,0,1,0,82.45,4.98,3378
ppo,9x9,med,f1,2,med-f1,corner-phase2-med-f1-s2,0,defensive,1,300076,1.0,0.8,0.65,0.35,1.0,1,1,173,676.0,36.57,31285
ppo,9x9,med,f1,2,med-f1,corner-phase2-med-f1-s2,1,corner,0,1800195,1.0,0.8,0.91,0.09,0.98,0,1,0,44.49,3.62,8156
ppo,9x9,high,f3,0,high-f3,greedy-phase2-high-f3,0,defensive,1,300203,0.97,0.776,0.6,0.37,0.97,1,1,130,114.08,7.33,3112
ppo,9x9,high,f3,0,high-f3,greedy-phase2-high-f3,1,greedy,0,500098,0.97,0.776,0.93,0.04,0.99,0,1,0,11.57,0.71,3426
ppo,9x9,high,f3,0,high-f3,greedy-phase2-high-f3,2,defensive,1,700060,0.99,0.792,0.8,0.19,0.96,0,1,0,113.34,6.5,3522
ppo,9x9,high,f3,0,high-f3,greedy-phase2-high-f3,3,greedy,0,900073,0.96,0.768,0.94,0.02,1.0,0,1,0,1.09,0.06,3500
ppo,9x9,high,f3,0,high-f3,greedy-phase2-high-f3,4,defensive,1,1100136,1.0,0.8,0.86,0.14,0.92,0,1,0,155.21,7.9,3916
ppo,9x9,high,f3,0,high-f3,greedy-phase2-high-f3,5,greedy,0,1300066,0.92,0.736,0.91,0.01,0.97,0,1,0,0.09,0.01,3485
ppo,9x9,high,f3,0,high-f3,greedy-phase2-high-f3,6,defensive,1,1500043,0.97,0.776,0.9,0.07,0.94,0,1,0,35.21,1.69,4245
ppo,9x9,high,f3,0,high-f3,greedy-phase2-high-f3,7,greedy,0,1700123,0.94,0.752,0.94,0.0,0.99,0,1,0,0.0,0.0,3298
ppo,9x9,high,f3,0,high-f3,greedy-phase2-high-f3,8,defensive,1,1900072,0.99,0.792,0.81,0.18,0.96,0,1,0,181.0,9.16,4103
ppo,9x9,high,f3,0,high-f3,greedy-phase2-high-f3,9,greedy,0,2100079,0.96,0.768,0.93,0.03,1.0,0,1,0,0.88,0.05,3333
ppo,9x9,high,f2,0,high-f2,greedy-phase2-high-f2,0,defensive,1,300203,0.97,0.776,0.6,0.37,0.97,1,1,130,161.3,9.87,8564
ppo,9x9,high,f2,0,high-f2,greedy-phase2-high-f2,1,greedy,0,800087,0.97,0.776,0.94,0.03,0.97,0,1,0,5.9,0.34,8277
ppo,9x9,high,f2,0,high-f2,greedy-phase2-high-f2,2,defensive,1,1300076,0.97,0.776,0.81,0.16,0.98,0,1,0,88.09,5.15,8665
ppo,9x9,high,f2,0,high-f2,greedy-phase2-high-f2,3,greedy,0,1800123,0.98,0.784,0.93,0.05,0.97,0,1,0,34.48,1.92,8814
ppo,9x9,high,f2,1,high-f2,greedy-phase2-high-f2-s1,0,defensive,1,300072,0.98,0.784,0.73,0.25,0.97,1,1,47,134.56,8.79,7981
ppo,9x9,high,f2,1,high-f2,greedy-phase2-high-f2-s1,1,greedy,0,800101,0.97,0.776,0.91,0.06,0.99,0,1,0,36.41,2.17,8713
ppo,9x9,high,f2,1,high-f2,greedy-phase2-high-f2-s1,2,defensive,1,1300099,0.99,0.792,0.83,0.16,0.96,0,1,0,170.47,9.87,8644
ppo,9x9,high,f2,1,high-f2,greedy-phase2-high-f2-s1,3,greedy,0,1800080,0.96,0.768,0.94,0.02,0.99,0,1,0,3.51,0.21,9549
ppo,9x9,med,f2,2,med-f2,corner-phase2-med-f2-s2,0,defensive,1,300076,1.0,0.8,0.65,0.35,0.94,1,1,173,293.08,19.42,7852
ppo,9x9,med,f2,2,med-f2,corner-phase2-med-f2-s2,1,corner,0,800196,0.94,0.752,0.9,0.04,1.0,0,1,0,3.7,0.48,9881
ppo,9x9,med,f2,2,med-f2,corner-phase2-med-f2-s2,2,defensive,1,1300064,1.0,0.8,0.7,0.3,0.98,1,1,100,363.07,21.56,8801
ppo,9x9,med,f2,2,med-f2,corner-phase2-med-f2-s2,3,corner,0,1800112,0.98,0.784,0.97,0.01,1.0,0,1,0,0.09,0.01,8464
ppo,9x9,low,f3,1,low-f3,corner-phase2-low-f3-s1,0,edge,1,300078,1.0,0.8,0.94,0.06,1.0,0,1,0,47.0,2.6,3687
ppo,9x9,low,f3,1,low-f3,corner-phase2-low-f3-s1,1,corner,0,500054,1.0,0.8,0.95,0.05,1.0,0,1,0,37.0,1.45,5168
ppo,9x9,low,f3,1,low-f3,corner-phase2-low-f3-s1,2,edge,1,700061,1.0,0.8,0.95,0.05,1.0,0,1,0,24.0,1.11,4720
ppo,9x9,low,f3,1,low-f3,corner-phase2-low-f3-s1,3,corner,0,900070,1.0,0.8,0.99,0.01,1.0,0,1,0,9.0,0.34,5348
ppo,9x9,low,f3,1,low-f3,corner-phase2-low-f3-s1,4,edge,1,1100055,1.0,0.8,0.98,0.02,0.99,0,1,0,16.21,0.65,4973
ppo,9x9,low,f3,1,low-f3,corner-phase2-low-f3-s1,5,corner,0,1300062,0.99,0.792,0.97,0.02,0.99,0,1,0,1.89,0.07,5315
ppo,9x9,low,f3,1,low-f3,corner-phase2-low-f3-s1,6,edge,1,1500076,0.99,0.792,0.98,0.01,1.0,0,1,0,0.86,0.05,4743
ppo,9x9,low,f3,1,low-f3,corner-phase2-low-f3-s1,7,corner,0,1700066,1.0,0.8,0.92,0.08,1.0,0,1,0,12.0,0.45,5344
ppo,9x9,low,f3,1,low-f3,corner-phase2-low-f3-s1,8,edge,1,1900069,1.0,0.8,0.97,0.03,0.99,0,1,0,20.19,0.88,4625
ppo,9x9,low,f3,1,low-f3,corner-phase2-low-f3-s1,9,corner,0,2100097,0.99,0.792,0.92,0.07,1.0,0,1,0,13.08,0.64,5246
ppo,9x9,high,f1,1,high-f1,greedy-phase2-high-f1-s1,0,defensive,1,300072,0.98,0.784,0.73,0.25,0.99,1,1,47,309.5,17.37,28233
ppo,9x9,high,f1,1,high-f1,greedy-phase2-high-f1-s1,1,greedy,0,1800104,0.99,0.792,0.89,0.1,1.0,0,1,0,128.36,9.85,6676
ppo,9x9,low,f2,0,low-f2,corner-phase2-low-f2,0,edge,1,300092,1.0,0.8,0.95,0.05,1.0,0,1,0,77.0,3.83,10641
ppo,9x9,low,f2,0,low-f2,corner-phase2-low-f2,1,corner,0,800046,1.0,0.8,0.98,0.02,0.99,0,1,0,40.15,1.56,12893
ppo,9x9,low,f2,0,low-f2,corner-phase2-low-f2,2,edge,1,1300067,0.99,0.792,0.9,0.09,1.0,0,1,0,27.53,1.24,12514
ppo,9x9,low,f2,0,low-f2,corner-phase2-low-f2,3,corner,0,1800154,1.0,0.8,0.94,0.06,0.99,0,1,0,19.58,0.77,13312
ppo,9x9,low,f2,1,low-f2,corner-phase2-low-f2-s1,0,edge,1,300078,1.0,0.8,0.94,0.06,1.0,0,1,0,105.0,5.05,10850
ppo,9x9,low,f2,1,low-f2,corner-phase2-low-f2-s1,1,corner,0,800044,1.0,0.8,0.96,0.04,0.99,0,1,0,53.9,2.1,13050
ppo,9x9,low,f2,1,low-f2,corner-phase2-low-f2-s1,2,edge,1,1300086,0.99,0.792,0.95,0.04,1.0,0,1,0,22.03,0.98,11940
ppo,9x9,low,f2,1,low-f2,corner-phase2-low-f2-s1,3,corner,0,1800066,1.0,0.8,0.91,0.09,0.99,0,1,0,56.81,2.28,13274
ppo,9x9,med,f1,0,med-f1,corner-phase2-med-f1,0,defensive,1,300070,1.0,0.8,0.78,0.22,0.97,1,1,4,670.77,37.36,27545
ppo,9x9,med,f1,0,med-f1,corner-phase2-med-f1,1,corner,0,1800222,0.97,0.776,0.95,0.02,1.0,0,1,0,1.88,0.15,9704
ppo,9x9,med,f3,2,med-f3,corner-phase2-med-f3-s2,0,defensive,1,300076,1.0,0.8,0.65,0.35,0.94,1,1,173,176.4,12.5,2839
ppo,9x9,med,f3,2,med-f3,corner-phase2-med-f3-s2,1,corner,0,500201,0.94,0.752,0.93,0.01,1.0,0,1,0,0.06,0.0,4890
ppo,9x9,med,f3,2,med-f3,corner-phase2-med-f3-s2,2,defensive,1,700099,1.0,0.8,0.85,0.15,0.97,0,1,0,112.93,7.09,3181
ppo,9x9,med,f3,2,med-f3,corner-phase2-med-f3-s2,3,corner,0,900136,0.97,0.776,0.91,0.06,1.0,0,1,0,5.09,0.51,4776
ppo,9x9,med,f3,2,med-f3,corner-phase2-med-f3-s2,4,defensive,1,1100086,1.0,0.8,0.92,0.08,0.94,0,1,0,86.15,5.24,3358
ppo,9x9,med,f3,2,med-f3,corner-phase2-med-f3-s2,5,corner,0,1300211,0.94,0.752,0.92,0.02,1.0,0,1,0,0.44,0.03,5298
ppo,9x9,med,f3,2,med-f3,corner-phase2-med-f3-s2,6,defensive,1,1500083,1.0,0.8,0.93,0.07,0.97,0,1,0,81.07,4.5,3586
ppo,9x9,med,f3,2,med-f3,corner-phase2-med-f3-s2,7,corner,0,1700123,0.97,0.776,0.93,0.04,0.99,0,1,0,3.5,0.23,5019
ppo,9x9,med,f3,2,med-f3,corner-phase2-med-f3-s2,8,defensive,1,1900085,0.99,0.792,0.88,0.11,0.98,0,1,0,77.05,4.43,3590
ppo,9x9,med,f3,2,med-f3,corner-phase2-med-f3-s2,9,corner,0,2100096,0.98,0.784,0.98,0.0,1.0,0,1,0,0.0,0.0,5304
ppo,9x9,low,f3,0,low-f3,corner-phase2-low-f3,0,edge,1,300092,1.0,0.8,0.95,0.05,1.0,0,1,0,38.0,2.21,3564
ppo,9x9,low,f3,0,low-f3,corner-phase2-low-f3,1,corner,0,500043,1.0,0.8,0.95,0.05,1.0,0,1,0,13.0,0.49,5341
ppo,9x9,low,f3,0,low-f3,corner-phase2-low-f3,2,edge,1,700062,1.0,0.8,0.95,0.05,0.99,0,1,0,34.67,1.6,4386
ppo,9x9,low,f3,0,low-f3,corner-phase2-low-f3,3,corner,0,900070,0.99,0.792,0.98,0.01,1.0,0,1,0,1.72,0.06,5329
ppo,9x9,low,f3,0,low-f3,corner-phase2-low-f3,4,edge,1,1100072,1.0,0.8,0.95,0.05,1.0,0,1,0,31.0,1.3,4772
ppo,9x9,low,f3,0,low-f3,corner-phase2-low-f3,5,corner,0,1300061,1.0,0.8,0.98,0.02,0.99,0,1,0,4.63,0.17,5339
ppo,9x9,low,f3,0,low-f3,corner-phase2-low-f3,6,edge,1,1500052,0.99,0.792,0.98,0.01,1.0,0,1,0,4.61,0.2,4734
ppo,9x9,low,f3,0,low-f3,corner-phase2-low-f3,7,corner,0,1700072,1.0,0.8,0.97,0.03,1.0,0,1,0,20.0,0.75,5293
ppo,9x9,low,f3,0,low-f3,corner-phase2-low-f3,8,edge,1,1900053,1.0,0.8,0.98,0.02,1.0,0,1,0,11.0,0.51,4874
ppo,9x9,low,f3,0,low-f3,corner-phase2-low-f3,9,corner,0,2100043,1.0,0.8,0.97,0.03,1.0,0,1,0,7.0,0.27,5389
ppo,9x9,low,f1,2,low-f1,corner-phase2-low-f1-s2,0,edge,1,300092,1.0,0.8,0.88,0.12,1.0,0,1,0,227.0,9.78,35944
ppo,9x9,low,f1,2,low-f1,corner-phase2-low-f1-s2,1,corner,0,1800070,1.0,0.8,0.95,0.05,0.99,0,1,0,69.41,2.8,12659
ppo,9x9,high,f3,2,high-f3,greedy-phase2-high-f3-s2,0,defensive,1,300079,0.99,0.792,0.73,0.26,0.99,1,1,7,91.46,6.28,2937
ppo,9x9,high,f3,2,high-f3,greedy-phase2-high-f3-s2,1,greedy,0,500077,0.99,0.792,0.95,0.04,0.99,0,1,0,29.07,1.47,3841
ppo,9x9,high,f3,2,high-f3,greedy-phase2-high-f3-s2,2,defensive,1,700091,0.99,0.792,0.89,0.1,0.95,0,1,0,71.5,4.23,3388
ppo,9x9,high,f3,2,high-f3,greedy-phase2-high-f3-s2,3,greedy,0,900071,0.95,0.76,0.95,0.0,0.97,0,1,0,0.0,0.0,3721
ppo,9x9,high,f3,2,high-f3,greedy-phase2-high-f3-s2,4,defensive,1,1100041,0.97,0.776,0.8,0.17,0.98,0,1,0,48.28,2.65,3745
ppo,9x9,high,f3,2,high-f3,greedy-phase2-high-f3-s2,5,greedy,0,1300088,0.98,0.784,0.93,0.05,0.97,0,1,0,22.66,1.21,3591
ppo,9x9,high,f3,2,high-f3,greedy-phase2-high-f3-s2,6,defensive,1,1500081,0.97,0.776,0.79,0.18,0.96,0,1,0,56.5,2.9,3905
ppo,9x9,high,f3,2,high-f3,greedy-phase2-high-f3-s2,7,greedy,0,1700100,0.96,0.768,0.93,0.03,0.99,0,1,0,1.68,0.09,3692
ppo,9x9,high,f3,2,high-f3,greedy-phase2-high-f3-s2,8,defensive,1,1900080,0.99,0.792,0.88,0.11,0.98,0,1,0,102.4,5.12,4016
ppo,9x9,high,f3,2,high-f3,greedy-phase2-high-f3-s2,9,greedy,0,2100066,0.98,0.784,0.93,0.05,1.0,0,1,0,19.59,1.03,3747
ppo,9x9,med,f1,1,med-f1,corner-phase2-med-f1-s1,0,defensive,1,300094,1.0,0.8,0.88,0.12,1.0,0,1,0,668.0,37.66,28863
ppo,9x9,med,f1,1,med-f1,corner-phase2-med-f1-s1,1,corner,0,1800181,1.0,0.8,0.91,0.09,0.98,0,1,0,53.19,4.59,9035
ppo,9x9,high,f1,0,high-f1,greedy-phase2-high-f1,0,defensive,1,300203,0.97,0.776,0.6,0.37,0.99,1,1,130,248.08,13.72,31614
ppo,9x9,high,f1,0,high-f1,greedy-phase2-high-f1,1,greedy,0,1800053,0.99,0.792,0.92,0.07,0.97,0,1,0,97.39,6.55,7486
ppo,9x9,high,f2,2,high-f2,greedy-phase2-high-f2-s2,0,defensive,1,300079,0.99,0.792,0.73,0.26,0.98,1,1,7,184.85,11.36,8360
ppo,9x9,high,f2,2,high-f2,greedy-phase2-high-f2-s2,1,greedy,0,800195,0.98,0.784,0.93,0.05,0.99,0,1,0,25.27,1.33,9209
ppo,9x9,high,f2,2,high-f2,greedy-phase2-high-f2-s2,2,defensive,1,1300108,0.99,0.792,0.77,0.22,0.98,1,1,16,211.45,11.35,9567
ppo,9x9,high,f2,2,high-f2,greedy-phase2-high-f2-s2,3,greedy,0,1800093,0.98,0.784,0.93,0.05,0.97,0,1,0,52.92,2.75,9406
feudal,13x13,med,f2,1,med-f2,corner-phase2-med-f2-s1,0,defensive,1,501235,0.55,0.44,0.45,0.1,0.72,0,1,0,3.73,0.77,3433
feudal,13x13,med,f2,1,med-f2,corner-phase2-med-f2-s1,1,corner,0,1400188,0.72,0.576,0.16,0.56,0.47,1,1,3,1494.62,289.08,4464
feudal,13x13,med,f2,1,med-f2,corner-phase2-med-f2-s1,2,defensive,1,2300262,0.47,0.376,0.47,0.0,0.8,0,1,0,0.0,0.0,6539
feudal,13x13,med,f2,1,med-f2,corner-phase2-med-f2-s1,3,corner,0,3200251,0.8,0.64,0.33,0.47,0.77,1,1,3,1082.27,194.09,4219
feudal,13x13,low,f3,2,low-f3,corner-phase2-low-f3-s2,0,edge,1,501087,0.5,0.4,0.46,0.04,0.69,0,1,0,0.66,0.37,543
feudal,13x13,low,f3,2,low-f3,corner-phase2-low-f3-s2,1,corner,0,850500,0.69,0.552,0.39,0.3,0.39,1,1,1,73.17,64.45,410
feudal,13x13,low,f3,2,low-f3,corner-phase2-low-f3-s2,2,edge,1,1201883,0.39,0.312,0.37,0.02,0.57,0,1,0,0.09,0.09,381
feudal,13x13,low,f3,2,low-f3,corner-phase2-low-f3-s2,3,corner,0,1551573,0.57,0.456,0.27,0.3,0.46,1,1,270,63.94,67.9,333
feudal,13x13,low,f3,2,low-f3,corner-phase2-low-f3-s2,4,edge,1,1902243,0.46,0.368,0.33,0.13,0.52,1,1,16,14.74,14.12,371
feudal,13x13,low,f3,2,low-f3,corner-phase2-low-f3-s2,5,corner,0,2251587,0.52,0.416,0.24,0.28,0.3,1,1,103,47.14,46.77,353
feudal,13x13,low,f3,2,low-f3,corner-phase2-low-f3-s2,6,edge,1,2601159,0.3,0.24,0.3,0.0,0.35,0,1,0,0.0,0.0,361
feudal,13x13,low,f3,2,low-f3,corner-phase2-low-f3-s2,7,corner,0,2951683,0.35,0.28,0.17,0.18,0.29,1,1,65,13.02,15.31,300
feudal,13x13,low,f3,2,low-f3,corner-phase2-low-f3-s2,8,edge,1,3301652,0.29,0.232,0.25,0.04,0.48,0,1,0,0.8,0.94,321
feudal,13x13,low,f3,2,low-f3,corner-phase2-low-f3-s2,9,corner,0,3652260,0.48,0.384,0.22,0.26,0.3,1,1,20,57.57,65.49,305
feudal,13x13,high,f1,2,high-f1,greedy-phase2-high-f1-s2,0,defensive,1,500330,0.64,0.512,0.11,0.53,0.62,1,1,2,4961.28,610.46,20899
feudal,13x13,high,f1,2,high-f1,greedy-phase2-high-f1-s2,1,greedy,0,3200271,0.62,0.496,0.17,0.45,0.32,1,1,3,926.96,176.99,4093
feudal,13x13,low,f1,0,low-f1,corner-phase2-low-f1,0,edge,1,500644,0.81,0.648,0.56,0.25,0.79,1,1,5,285.54,120.35,7117
feudal,13x13,low,f1,0,low-f1,corner-phase2-low-f1,1,corner,0,3200304,0.79,0.632,0.65,0.14,0.88,0,1,0,67.81,23.18,2242
feudal,13x13,low,f2,2,low-f2,corner-phase2-low-f2-s2,0,edge,1,501087,0.5,0.4,0.46,0.04,0.47,0,1,0,1.79,1.43,1333
feudal,13x13,low,f2,2,low-f2,corner-phase2-low-f2-s2,1,corner,0,1400392,0.47,0.376,0.27,0.2,0.61,1,1,7,30.52,31.09,1366
feudal,13x13,low,f2,2,low-f2,corner-phase2-low-f2-s2,2,edge,1,2300575,0.61,0.488,0.44,0.17,0.47,1,1,3,21.72,22.41,1470
feudal,13x13,low,f2,2,low-f2,corner-phase2-low-f2-s2,3,corner,0,3202372,0.47,0.376,0.36,0.11,0.53,1,1,7,16.05,17.16,784
feudal,13x13,med,f3,0,med-f3,corner-phase2-med-f3,0,defensive,1,500621,0.81,0.648,0.34,0.47,0.49,1,1,6,561.87,85.52,2129
feudal,13x13,med,f3,0,med-f3,corner-phase2-med-f3,1,corner,0,850281,0.49,0.392,0.49,0.0,0.59,0,1,0,0.0,0.0,1261
feudal,13x13,med,f3,0,med-f3,corner-phase2-med-f3,2,defensive,1,1200672,0.59,0.472,0.44,0.15,0.86,1,1,18,13.09,2.74,1008
feudal,13x13,med,f3,0,med-f3,corner-phase2-med-f3,3,corner,0,1551113,0.86,0.688,0.57,0.29,0.89,1,1,148,51.22,32.04,794
feudal,13x13,med,f3,0,med-f3,corner-phase2-med-f3,4,defensive,1,1900185,0.89,0.712,0.68,0.21,0.82,1,1,11,103.86,19.77,1768
feudal,13x13,med,f3,0,med-f3,corner-phase2-med-f3,5,corner,0,2250235,0.82,0.656,0.77,0.05,0.91,0,1,0,12.19,3.33,1203
feudal,13x13,med,f3,0,med-f3,corner-phase2-med-f3,6,defensive,1,2600544,0.91,0.728,0.72,0.19,0.94,1,1,6,83.51,18.02,1605
feudal,13x13,med,f3,0,med-f3,corner-phase2-med-f3,7,corner,0,2950402,0.94,0.752,0.71,0.23,0.82,1,1,8,100.39,35.73,1000
feudal,13x13,med,f3,0,med-f3,corner-phase2-med-f3,8,defensive,1,3300216,0.82,0.656,0.8,0.02,0.92,0,1,0,0.97,0.2,1241
feudal,13x13,med,f3,0,med-f3,corner-phase2-med-f3,9,corner,0,3650267,0.92,0.736,0.84,0.08,0.84,0,1,0,21.63,7.56,987
feudal,13x13,med,f3,1,med-f3,corner-phase2-med-f3-s1,0,defensive,1,501235,0.55,0.44,0.53,0.02,0.75,0,1,0,0.05,0.05,651
feudal,13x13,med,f3,1,med-f3,corner-phase2-med-f3-s1,1,corner,0,850541,0.75,0.6,0.22,0.53,0.63,1,1,532,182.53,90.52,674
feudal,13x13,med,f3,1,med-f3,corner-phase2-med-f3-s1,2,defensive,1,1200692,0.63,0.504,0.62,0.01,0.81,0,1,0,0.07,0.02,1401
feudal,13x13,med,f3,1,med-f3,corner-phase2-med-f3-s1,3,corner,0,1550527,0.81,0.648,0.47,0.34,0.73,1,1,249,123.24,57.15,735
feudal,13x13,med,f3,1,med-f3,corner-phase2-med-f3-s1,4,defensive,1,1900791,0.73,0.584,0.72,0.01,0.77,0,1,0,0.06,0.01,1314
feudal,13x13,med,f3,1,med-f3,corner-phase2-med-f3-s1,5,corner,0,2250757,0.77,0.616,0.54,0.23,0.83,1,1,80,35.94,16.48,785
feudal,13x13,med,f3,1,med-f3,corner-phase2-med-f3-s1,6,defensive,1,2600419,0.83,0.664,0.68,0.15,0.85,0,1,0,56.04,10.84,1678
feudal,13x13,med,f3,1,med-f3,corner-phase2-med-f3-s1,7,corner,0,2950521,0.85,0.68,0.66,0.19,0.75,1,1,14,24.17,9.8,815
feudal,13x13,med,f3,1,med-f3,corner-phase2-med-f3-s1,8,defensive,1,3300426,0.75,0.6,0.66,0.09,0.73,0,1,0,4.2,1.12,1048
feudal,13x13,med,f3,1,med-f3,corner-phase2-med-f3-s1,9,corner,0,3650311,0.73,0.584,0.39,0.34,0.49,1,1,2,68.24,43.63,579
feudal,13x13,med,f2,0,med-f2,corner-phase2-med-f2,0,defensive,1,500621,0.81,0.648,0.33,0.48,0.92,1,1,6,887.91,131.72,5240
feudal,13x13,med,f2,0,med-f2,corner-phase2-med-f2,1,corner,0,1401299,0.92,0.736,0.78,0.14,0.92,0,1,0,85.87,34.21,2450
feudal,13x13,med,f2,0,med-f2,corner-phase2-med-f2,2,defensive,1,2300446,0.92,0.736,0.81,0.11,0.84,0,1,0,98.79,26.61,3467
feudal,13x13,med,f2,0,med-f2,corner-phase2-med-f2,3,corner,0,3200805,0.84,0.672,0.53,0.31,0.55,1,1,95,168.66,141.24,972
feudal,13x13,low,f1,1,low-f1,corner-phase2-low-f1-s1,0,edge,1,501745,0.55,0.44,0.49,0.06,0.59,0,1,0,4.93,4.2,3461
feudal,13x13,low,f1,1,low-f1,corner-phase2-low-f1-s1,1,corner,0,3202100,0.59,0.472,0.33,0.26,0.58,1,1,3,123.5,96.35,1037
feudal,13x13,high,f3,1,high-f3,greedy-phase2-high-f3-s1,0,defensive,1,500244,0.61,0.488,0.34,0.27,0.52,1,1,1,280.55,37.42,2579
feudal,13x13,high,f3,1,high-f3,greedy-phase2-high-f3-s1,1,greedy,0,850297,0.52,0.416,0.4,0.12,0.66,1,1,1,8.65,1.6,1829
feudal,13x13,high,f3,1,high-f3,greedy-phase2-high-f3-s1,2,defensive,1,1200167,0.66,0.528,0.38,0.28,0.59,1,1,261,360.53,47.07,2666
feudal,13x13,high,f3,1,high-f3,greedy-phase2-high-f3-s1,3,greedy,0,1550219,0.59,0.472,0.43,0.16,0.58,1,1,11,34.41,6.83,1683
feudal,13x13,high,f3,1,high-f3,greedy-phase2-high-f3-s1,4,defensive,1,1900232,0.58,0.464,0.32,0.26,0.47,1,1,1,282.15,34.78,2781
feudal,13x13,high,f3,1,high-f3,greedy-phase2-high-f3-s1,5,greedy,0,2250420,0.47,0.376,0.18,0.29,0.5,1,1,3,160.44,30.78,1775
feudal,13x13,high,f3,1,high-f3,greedy-phase2-high-f3-s1,6,defensive,1,2600432,0.5,0.4,0.32,0.18,0.58,1,1,18,61.25,7.65,2648
feudal,13x13,high,f3,1,high-f3,greedy-phase2-high-f3-s1,7,greedy,0,2950283,0.58,0.464,0.57,0.01,0.77,0,1,0,0.06,0.01,1288
feudal,13x13,high,f3,1,high-f3,greedy-phase2-high-f3-s1,8,defensive,1,3300419,0.77,0.616,0.56,0.21,0.83,1,1,3,163.65,25.29,2207
feudal,13x13,high,f3,1,high-f3,greedy-phase2-high-f3-s1,9,greedy,0,3650448,0.83,0.664,0.58,0.25,0.79,1,1,1,98.64,27.77,1165
feudal,13x13,med,f1,2,med-f1,corner-phase2-med-f1-s2,0,defensive,1,500806,0.5,0.4,0.21,0.29,0.75,1,1,168,98.48,12.86,16684
feudal,13x13,med,f1,2,med-f1,corner-phase2-med-f1-s2,1,corner,0,3200534,0.75,0.6,0.54,0.21,0.76,1,1,2,100.31,26.13,2738
feudal,13x13,high,f3,0,high-f3,greedy-phase2-high-f3,0,defensive,1,500204,0.63,0.504,0.16,0.47,0.38,1,1,951,672.69,86.61,2687
feudal,13x13,high,f3,0,high-f3,greedy-phase2-high-f3,1,greedy,0,850183,0.38,0.304,0.28,0.1,0.56,1,1,2,5.43,1.17,1737
feudal,13x13,high,f3,0,high-f3,greedy-phase2-high-f3,2,defensive,1,1200392,0.56,0.448,0.26,0.3,0.51,1,1,39,391.2,50.25,2688
feudal,13x13,high,f3,0,high-f3,greedy-phase2-high-f3,3,greedy,0,1550304,0.51,0.408,0.35,0.16,0.57,1,1,19,69.5,13.87,1665
feudal,13x13,high,f3,0,high-f3,greedy-phase2-high-f3,4,defensive,1,1900213,0.57,0.456,0.23,0.34,0.3,1,1,78,350.09,45.47,2645
feudal,13x13,high,f3,0,high-f3,greedy-phase2-high-f3,5,greedy,0,2250373,0.3,0.24,0.29,0.01,0.57,0,1,0,0.04,0.01,1523
feudal,13x13,high,f3,0,high-f3,greedy-phase2-high-f3,6,defensive,1,2600228,0.57,0.456,0.49,0.08,0.62,0,1,0,6.16,0.93,2265
feudal,13x13,high,f3,0,high-f3,greedy-phase2-high-f3,7,greedy,0,2950152,0.62,0.496,0.53,0.09,0.68,0,1,0,2.94,0.79,1227
feudal,13x13,high,f3,0,high-f3,greedy-phase2-high-f3,8,defensive,1,3300179,0.68,0.544,0.48,0.2,0.69,1,1,58,92.38,13.79,2302
feudal,13x13,high,f3,0,high-f3,greedy-phase2-high-f3,9,greedy,0,3650334,0.69,0.552,0.46,0.23,0.7,1,1,7,105.36,27.32,1293
feudal,13x13,high,f2,0,high-f2,greedy-phase2-high-f2,0,defensive,1,500204,0.63,0.504,0.16,0.47,0.4,1,1,951,1480.7,189.76,6947
feudal,13x13,high,f2,0,high-f2,greedy-phase2-high-f2,1,greedy,0,1400172,0.4,0.32,0.31,0.09,0.6,1,1,1,17.51,3.12,4795
feudal,13x13,high,f2,0,high-f2,greedy-phase2-high-f2,2,defensive,1,2300207,0.6,0.48,0.23,0.37,0.77,1,1,1,726.82,91.59,6655
feudal,13x13,high,f2,0,high-f2,greedy-phase2-high-f2,3,greedy,0,3200232,0.77,0.616,0.78,-0.01,0.88,0,1,0,0.0,0.0,2534
feudal,13x13,high,f2,1,high-f2,greedy-phase2-high-f2-s1,0,defensive,1,500244,0.61,0.488,0.3,0.31,0.39,1,1,1,626.81,81.88,6763
feudal,13x13,high,f2,1,high-f2,greedy-phase2-high-f2-s1,1,greedy,0,1400168,0.39,0.312,0.2,0.19,0.37,1,1,2,164.13,30.56,4695
feudal,13x13,high,f2,1,high-f2,greedy-phase2-high-f2-s1,2,defensive,1,2300814,0.37,0.296,0.23,0.14,0.35,1,1,26,44.97,5.16,7227
feudal,13x13,high,f2,1,high-f2,greedy-phase2-high-f2-s1,3,greedy,0,3200354,0.35,0.28,0.3,0.05,0.54,0,1,0,1.25,0.24,4303
feudal,13x13,med,f2,2,med-f2,corner-phase2-med-f2-s2,0,defensive,1,500806,0.5,0.4,0.5,0.0,0.69,0,1,0,0.0,0.0,4199
feudal,13x13,med,f2,2,med-f2,corner-phase2-med-f2-s2,1,corner,0,1400575,0.69,0.552,0.25,0.44,0.44,1,1,2,223.22,116.87,1725
feudal,13x13,med,f2,2,med-f2,corner-phase2-med-f2-s2,2,defensive,1,2302486,0.44,0.352,0.42,0.02,0.5,0,1,0,0.21,0.19,997
feudal,13x13,med,f2,2,med-f2,corner-phase2-med-f2-s2,3,corner,0,3201949,0.5,0.4,0.24,0.26,0.4,1,1,4,114.05,122.6,740
feudal,13x13,low,f3,1,low-f3,corner-phase2-low-f3-s1,0,edge,1,501745,0.55,0.44,0.54,0.01,0.78,0,1,0,0.01,0.01,508
feudal,13x13,low,f3,1,low-f3,corner-phase2-low-f3-s1,1,corner,0,851934,0.78,0.624,0.45,0.33,0.51,1,1,3,84.31,73.82,402
feudal,13x13,low,f3,1,low-f3,corner-phase2-low-f3-s1,2,edge,1,1201743,0.51,0.408,0.49,0.02,0.82,0,1,0,0.14,0.15,463
feudal,13x13,low,f3,1,low-f3,corner-phase2-low-f3-s1,3,corner,0,1550575,0.82,0.656,0.55,0.27,0.65,1,1,1,77.83,51.93,504
feudal,13x13,low,f3,1,low-f3,corner-phase2-low-f3-s1,4,edge,1,1901424,0.65,0.52,0.52,0.13,0.62,0,1,0,25.07,15.86,706
feudal,13x13,low,f3,1,low-f3,corner-phase2-low-f3-s1,5,corner,0,2250366,0.62,0.496,0.39,0.23,0.59,1,1,302,75.7,28.53,867
feudal,13x13,low,f3,1,low-f3,corner-phase2-low-f3-s1,6,edge,1,2600661,0.59,0.472,0.45,0.14,0.5,1,1,5,10.75,8.5,527
feudal,13x13,low,f3,1,low-f3,corner-phase2-low-f3-s1,7,corner,0,2950521,0.5,0.4,0.46,0.04,0.82,0,1,0,0.55,0.47,488
feudal,13x13,low,f3,1,low-f3,corner-phase2-low-f3-s1,8,edge,1,3300937,0.82,0.656,0.65,0.17,0.7,1,1,3,40.09,28.21,513
feudal,13x13,low,f3,1,low-f3,corner-phase2-low-f3-s1,9,corner,0,3650561,0.7,0.56,0.42,0.28,0.52,1,1,181,71.21,53.24,457
feudal,13x13,high,f1,1,high-f1,greedy-phase2-high-f1-s1,0,defensive,1,500244,0.61,0.488,0.18,0.43,0.33,1,1,1,4208.44,493.55,22230
feudal,13x13,high,f1,1,high-f1,greedy-phase2-high-f1-s1,1,greedy,0,3200216,0.33,0.264,0.31,0.02,0.4,0,1,0,0.11,0.01,4784
feudal,13x13,low,f2,0,low-f2,corner-phase2-low-f2,0,edge,1,500644,0.81,0.648,0.71,0.1,0.81,0,1,0,17.87,5.71,2532
feudal,13x13,low,f2,0,low-f2,corner-phase2-low-f2,1,corner,0,1400404,0.81,0.648,0.57,0.24,0.8,1,1,11,157.47,65.15,2207
feudal,13x13,low,f2,0,low-f2,corner-phase2-low-f2,2,edge,1,2300566,0.8,0.64,0.56,0.24,0.72,1,1,99,43.55,18.3,2424
feudal,13x13,low,f2,0,low-f2,corner-phase2-low-f2,3,corner,0,3201037,0.72,0.576,0.49,0.23,0.84,1,1,72,39.69,10.61,3020
feudal,13x13,low,f2,1,low-f2,corner-phase2-low-f2-s1,0,edge,1,501745,0.55,0.44,0.53,0.02,0.54,0,1,0,0.23,0.19,1237
feudal,13x13,low,f2,1,low-f2,corner-phase2-low-f2-s1,1,corner,0,1402105,0.54,0.432,0.49,0.05,0.62,0,1,0,1.8,1.55,1315
feudal,13x13,low,f2,1,low-f2,corner-phase2-low-f2-s1,2,edge,1,2300607,0.62,0.496,0.6,0.02,0.82,0,1,0,0.05,0.01,1785
feudal,13x13,low,f2,1,low-f2,corner-phase2-low-f2-s1,3,corner,0,3200896,0.82,0.656,0.39,0.43,0.53,1,1,107,322.94,213.32,1215
feudal,13x13,med,f1,0,med-f1,corner-phase2-med-f1,0,defensive,1,500621,0.81,0.648,0.33,0.48,0.91,1,1,6,2484.32,348.54,16558
feudal,13x13,med,f1,0,med-f1,corner-phase2-med-f1,1,corner,0,3200912,0.91,0.728,0.73,0.18,0.74,0,1,0,96.68,47.99,1920
feudal,13x13,med,f3,2,med-f3,corner-phase2-med-f3-s2,0,defensive,1,500806,0.5,0.4,0.5,0.0,0.77,0,1,0,0.0,0.0,1651
feudal,13x13,med,f3,2,med-f3,corner-phase2-med-f3-s2,1,corner,0,850459,0.77,0.616,0.5,0.27,0.53,1,1,2,54.58,37.89,579
feudal,13x13,med,f3,2,med-f3,corner-phase2-med-f3-s2,2,defensive,1,1200964,0.53,0.424,0.52,0.01,0.62,0,1,0,0.01,0.0,487
feudal,13x13,med,f3,2,med-f3,corner-phase2-med-f3-s2,3,corner,0,1550185,0.62,0.496,0.11,0.51,0.11,1,0,337,145.23,136.59,370
feudal,13x13,med,f3,2,med-f3,corner-phase2-med-f3-s2,4,defensive,1,1901451,0.11,0.088,0.11,0.0,0.66,0,1,0,0.0,0.0,933
feudal,13x13,med,f3,2,med-f3,corner-phase2-med-f3-s2,5,corner,0,2251208,0.66,0.528,0.42,0.24,0.49,1,1,1,47.68,40.77,421
feudal,13x13,med,f3,2,med-f3,corner-phase2-med-f3-s2,6,defensive,1,2601639,0.49,0.392,0.49,0.0,0.74,0,1,0,0.0,0.0,455
feudal,13x13,med,f3,2,med-f3,corner-phase2-med-f3-s2,7,corner,0,2951540,0.74,0.592,0.36,0.38,0.49,1,0,317,91.45,89.39,351
feudal,13x13,med,f3,2,med-f3,corner-phase2-med-f3-s2,8,defensive,1,3301296,0.49,0.392,0.49,0.0,0.6,0,1,0,0.0,0.0,466
feudal,13x13,med,f3,2,med-f3,corner-phase2-med-f3-s2,9,corner,0,3651395,0.6,0.48,0.31,0.29,0.33,1,0,259,64.1,68.77,330
feudal,13x13,low,f3,0,low-f3,corner-phase2-low-f3,0,edge,1,500644,0.81,0.648,0.71,0.1,0.84,0,1,0,15.72,4.98,1037
feudal,13x13,low,f3,0,low-f3,corner-phase2-low-f3,1,corner,0,850512,0.84,0.672,0.67,0.17,0.79,1,1,1,48.23,24.81,677
feudal,13x13,low,f3,0,low-f3,corner-phase2-low-f3,2,edge,1,1200994,0.79,0.632,0.65,0.14,0.66,0,1,0,27.14,17.17,565
feudal,13x13,low,f3,0,low-f3,corner-phase2-low-f3,3,corner,0,1551267,0.66,0.528,0.54,0.12,0.66,0,1,0,8.97,5.03,775
feudal,13x13,low,f3,0,low-f3,corner-phase2-low-f3,4,edge,1,1900414,0.66,0.528,0.61,0.05,0.75,0,1,0,1.59,0.58,789
feudal,13x13,low,f3,0,low-f3,corner-phase2-low-f3,5,corner,0,2250887,0.75,0.6,0.57,0.18,0.71,1,1,1,59.7,23.4,864
feudal,13x13,low,f3,0,low-f3,corner-phase2-low-f3,6,edge,1,2601087,0.71,0.568,0.71,0.0,0.82,0,1,0,0.0,0.0,1047
feudal,13x13,low,f3,0,low-f3,corner-phase2-low-f3,7,corner,0,2950914,0.82,0.656,0.73,0.09,0.75,0,1,0,8.79,4.5,755
feudal,13x13,low,f3,0,low-f3,corner-phase2-low-f3,8,edge,1,3300327,0.75,0.6,0.66,0.09,0.69,0,1,0,4.87,3.99,571
feudal,13x13,low,f3,0,low-f3,corner-phase2-low-f3,9,corner,0,3651789,0.69,0.552,0.56,0.13,0.61,0,1,0,10.46,9.49,434
feudal,13x13,low,f1,2,low-f1,corner-phase2-low-f1-s2,0,edge,1,501087,0.5,0.4,0.37,0.13,0.5,1,1,5,31.36,32.94,4225
feudal,13x13,low,f1,2,low-f1,corner-phase2-low-f1-s2,1,corner,0,3201430,0.5,0.4,0.13,0.37,0.61,1,1,17,360.6,66.59,3261
feudal,13x13,high,f3,2,high-f3,greedy-phase2-high-f3-s2,0,defensive,1,500330,0.64,0.512,0.33,0.31,0.37,1,1,2,253.1,35.27,2370
feudal,13x13,high,f3,2,high-f3,greedy-phase2-high-f3-s2,1,greedy,0,850127,0.37,0.296,0.36,0.01,0.51,0,1,0,0.04,0.01,1360
feudal,13x13,high,f3,2,high-f3,greedy-phase2-high-f3-s2,2,defensive,1,1200732,0.51,0.408,0.35,0.16,0.35,1,1,5,34.09,4.81,2281
feudal,13x13,high,f3,2,high-f3,greedy-phase2-high-f3-s2,3,greedy,0,1550275,0.35,0.28,0.18,0.17,0.22,1,1,1,22.31,4.45,1611
feudal,13x13,high,f3,2,high-f3,greedy-phase2-high-f3-s2,4,defensive,1,1900253,0.22,0.176,0.23,-0.01,0.55,0,1,0,0.0,0.0,2266
feudal,13x13,high,f3,2,high-f3,greedy-phase2-high-f3-s2,5,greedy,0,2250200,0.55,0.44,0.55,0.0,0.69,0,1,0,0.0,0.0,1098
feudal,13x13,high,f3,2,high-f3,greedy-phase2-high-f3-s2,6,defensive,1,2600291,0.69,0.552,0.28,0.41,0.53,1,1,24,315.48,46.91,2228
feudal,13x13,high,f3,2,high-f3,greedy-phase2-high-f3-s2,7,greedy,0,2950446,0.53,0.424,0.5,0.03,0.68,0,1,0,0.36,0.09,1058
feudal,13x13,high,f3,2,high-f3,greedy-phase2-high-f3-s2,8,defensive,1,3300252,0.68,0.544,0.47,0.21,0.61,1,1,1,127.77,19.18,2226
feudal,13x13,high,f3,2,high-f3,greedy-phase2-high-f3-s2,9,greedy,0,3650315,0.61,0.488,0.54,0.07,0.68,0,1,0,5.43,1.78,1194
feudal,13x13,med,f1,1,med-f1,corner-phase2-med-f1-s1,0,defensive,1,501235,0.55,0.44,0.3,0.25,0.59,1,1,3,449.06,53.71,17783
feudal,13x13,med,f1,1,med-f1,corner-phase2-med-f1-s1,1,corner,0,3200371,0.59,0.472,0.19,0.4,0.28,1,1,988,1098.99,193.83,4450
feudal,13x13,high,f1,0,high-f1,greedy-phase2-high-f1,0,defensive,1,500204,0.63,0.504,0.16,0.47,0.76,1,1,951,2464.6,313.65,19780
feudal,13x13,high,f1,0,high-f1,greedy-phase2-high-f1,1,greedy,0,3200223,0.76,0.608,0.28,0.48,0.28,1,1,2,455.6,107.97,2857
feudal,13x13,high,f2,2,high-f2,greedy-phase2-high-f2-s2,0,defensive,1,500330,0.64,0.512,0.22,0.42,0.52,1,1,2,1317.39,171.99,6621
feudal,13x13,high,f2,2,high-f2,greedy-phase2-high-f2-s2,1,greedy,0,1400267,0.52,0.416,0.23,0.29,0.59,1,1,217,297.72,57.22,4060
feudal,13x13,high,f2,2,high-f2,greedy-phase2-high-f2-s2,2,defensive,1,2300177,0.59,0.472,0.44,0.15,0.74,1,1,18,16.14,2.41,5200
feudal,13x13,high,f2,2,high-f2,greedy-phase2-high-f2-s2,3,greedy,0,3200780,0.74,0.592,0.42,0.32,0.55,1,1,1,180.67,59.27,2415
feudal,9x9,med,f2,1,med-f2,corner-phase2-med-f2-s1,0,defensive,1,300110,0.76,0.608,0.55,0.21,0.95,1,1,47,69.15,4.66,6810
feudal,9x9,med,f2,1,med-f2,corner-phase2-med-f2-s1,1,corner,0,800148,0.95,0.76,0.65,0.3,0.91,1,1,5,874.64,82.07,5232
feudal,9x9,med,f2,1,med-f2,corner-phase2-med-f2-s1,2,defensive,1,1300094,0.91,0.728,0.27,0.64,0.76,1,1,1495,1969.79,121.78,7865
feudal,9x9,med,f2,1,med-f2,corner-phase2-med-f2-s1,3,corner,0,1800074,0.76,0.608,0.62,0.14,0.84,0,1,0,62.11,4.78,6658
feudal,9x9,low,f3,2,low-f3,corner-phase2-low-f3-s2,0,edge,1,300124,0.72,0.576,0.53,0.19,0.77,1,1,39,80.51,5.8,2781
feudal,9x9,low,f3,2,low-f3,corner-phase2-low-f3-s2,1,corner,0,500081,0.77,0.616,0.45,0.32,0.79,1,1,5,288.62,23.42,2466
feudal,9x9,low,f3,2,low-f3,corner-phase2-low-f3-s2,2,edge,1,700104,0.79,0.632,0.58,0.21,0.8,1,1,12,109.22,7.58,2791
feudal,9x9,low,f3,2,low-f3,corner-phase2-low-f3-s2,3,corner,0,900079,0.8,0.64,0.52,0.28,0.52,1,1,2,208.27,16.92,2490
feudal,9x9,low,f3,2,low-f3,corner-phase2-low-f3-s2,4,edge,1,1100092,0.52,0.416,0.51,0.01,0.81,0,1,0,0.01,0.0,2581
feudal,9x9,low,f3,2,low-f3,corner-phase2-low-f3-s2,5,corner,0,1300115,0.81,0.648,0.52,0.29,0.6,1,1,3,215.25,18.5,2298
feudal,9x9,low,f3,2,low-f3,corner-phase2-low-f3-s2,6,edge,1,1500145,0.6,0.48,0.6,0.0,0.77,0,1,0,0.0,0.0,2487
feudal,9x9,low,f3,2,low-f3,corner-phase2-low-f3-s2,7,corner,0,1700152,0.77,0.616,0.22,0.55,0.49,1,1,83,557.74,49.26,2232
feudal,9x9,low,f3,2,low-f3,corner-phase2-low-f3-s2,8,edge,1,1900130,0.49,0.392,0.49,0.0,0.78,0,1,0,0.0,0.0,2304
feudal,9x9,low,f3,2,low-f3,corner-phase2-low-f3-s2,9,corner,0,2100112,0.78,0.624,0.43,0.35,0.66,1,1,690,231.35,42.85,1098
feudal,9x9,high,f1,2,high-f1,greedy-phase2-high-f1-s2,0,defensive,1,300059,0.82,0.656,0.21,0.61,0.49,1,1,252,7454.19,405.51,27435
feudal,9x9,high,f1,2,high-f1,greedy-phase2-high-f1-s2,1,greedy,0,1800081,0.49,0.392,0.47,0.02,0.74,0,1,0,0.12,0.01,7689
feudal,9x9,low,f1,0,low-f1,corner-phase2-low-f1,0,edge,1,300097,0.84,0.672,0.46,0.38,0.85,1,1,621,1073.27,82.59,20241
feudal,9x9,low,f1,0,low-f1,corner-phase2-low-f1,1,corner,0,1800169,0.85,0.68,0.63,0.22,0.91,1,1,7,195.3,15.68,6359
feudal,9x9,low,f2,2,low-f2,corner-phase2-low-f2-s2,0,edge,1,300124,0.72,0.576,0.53,0.19,0.75,1,1,39,91.78,6.6,6828
feudal,9x9,low,f2,2,low-f2,corner-phase2-low-f2-s2,1,corner,0,800150,0.75,0.6,0.47,0.28,0.82,1,1,312,107.03,8.88,6532
feudal,9x9,low,f2,2,low-f2,corner-phase2-low-f2-s2,2,edge,1,1300185,0.82,0.656,0.64,0.18,0.73,1,1,4,175.61,12.68,6816
feudal,9x9,low,f2,2,low-f2,corner-phase2-low-f2-s2,3,corner,0,1800090,0.73,0.584,0.61,0.12,0.85,0,1,0,11.4,0.9,6491
feudal,9x9,med,f3,0,med-f3,corner-phase2-med-f3,0,defensive,1,300116,0.84,0.672,0.43,0.41,0.88,1,1,800,408.22,30.02,2720
feudal,9x9,med,f3,0,med-f3,corner-phase2-med-f3,1,corner,0,500184,0.88,0.704,0.57,0.31,0.82,1,1,10,276.57,24.81,2287
feudal,9x9,med,f3,0,med-f3,corner-phase2-med-f3,2,defensive,1,700072,0.82,0.656,0.62,0.2,0.76,1,1,1,153.65,10.31,2925
feudal,9x9,med,f3,0,med-f3,corner-phase2-med-f3,3,corner,0,900229,0.76,0.608,0.51,0.25,0.78,1,1,1,139.98,12.77,2279
feudal,9x9,med,f3,0,med-f3,corner-phase2-med-f3,4,defensive,1,1100082,0.78,0.624,0.52,0.26,0.74,1,1,2,176.06,11.62,2916
feudal,9x9,med,f3,0,med-f3,corner-phase2-med-f3,5,corner,0,1300086,0.74,0.592,0.66,0.08,0.86,0,1,0,8.16,0.65,2573
feudal,9x9,med,f3,0,med-f3,corner-phase2-med-f3,6,defensive,1,1500090,0.86,0.688,0.68,0.18,0.78,1,1,2,169.76,11.85,2803
feudal,9x9,med,f3,0,med-f3,corner-phase2-med-f3,7,corner,0,1700125,0.78,0.624,0.68,0.1,0.81,0,1,0,30.72,2.53,2483
feudal,9x9,med,f3,0,med-f3,corner-phase2-med-f3,8,defensive,1,1900120,0.81,0.648,0.64,0.17,0.77,1,1,1,146.52,10.49,2760
feudal,9x9,med,f3,0,med-f3,corner-phase2-med-f3,9,corner,0,2100161,0.77,0.616,0.46,0.31,0.8,1,1,65,122.66,10.34,2454
feudal,9x9,med,f3,1,med-f3,corner-phase2-med-f3-s1,0,defensive,1,300110,0.76,0.608,0.55,0.21,0.68,1,1,47,51.72,3.49,2660
feudal,9x9,med,f3,1,med-f3,corner-phase2-med-f3-s1,1,corner,0,500162,0.68,0.544,0.68,0.0,0.85,0,1,0,0.0,0.0,1984
feudal,9x9,med,f3,1,med-f3,corner-phase2-med-f3-s1,2,defensive,1,700234,0.85,0.68,0.53,0.32,0.7,1,1,112,347.8,23.85,2890
feudal,9x9,med,f3,1,med-f3,corner-phase2-med-f3-s1,3,corner,0,900146,0.7,0.56,0.7,0.0,0.86,0,1,0,0.0,0.0,1986
feudal,9x9,med,f3,1,med-f3,corner-phase2-med-f3-s1,4,defensive,1,1100115,0.86,0.688,0.73,0.13,0.87,0,1,0,59.97,4.03,2916
feudal,9x9,med,f3,1,med-f3,corner-phase2-med-f3-s1,5,corner,0,1300126,0.87,0.696,0.78,0.09,0.78,0,1,0,24.55,3.19,1549
feudal,9x9,med,f3,1,med-f3,corner-phase2-med-f3-s1,6,defensive,1,1500183,0.78,0.624,0.74,0.04,0.89,0,1,0,1.84,0.13,2883
feudal,9x9,med,f3,1,med-f3,corner-phase2-med-f3-s1,7,corner,0,1700135,0.89,0.712,0.64,0.25,0.68,1,1,23,182.61,22.96,1604
feudal,9x9,med,f3,1,med-f3,corner-phase2-med-f3-s1,8,defensive,1,1900068,0.68,0.544,0.44,0.24,0.69,1,1,4,122.75,7.69,2930
feudal,9x9,med,f3,1,med-f3,corner-phase2-med-f3-s1,9,corner,0,2100184,0.69,0.552,0.36,0.33,0.96,1,1,198,61.53,5.7,2048
feudal,9x9,med,f2,0,med-f2,corner-phase2-med-f2,0,defensive,1,300116,0.84,0.672,0.35,0.49,0.52,1,1,800,879.69,60.54,7125
feudal,9x9,med,f2,0,med-f2,corner-phase2-med-f2,1,corner,0,800125,0.52,0.416,0.47,0.05,0.88,0,1,0,1.31,0.14,6119
feudal,9x9,med,f2,0,med-f2,corner-phase2-med-f2,2,defensive,1,1300099,0.88,0.704,0.55,0.33,0.93,1,1,88,601.56,40.43,7208
feudal,9x9,med,f2,0,med-f2,corner-phase2-med-f2,3,corner,0,1800112,0.93,0.744,0.69,0.24,0.88,1,1,87,593.38,56.37,5219
feudal,9x9,low,f1,1,low-f1,corner-phase2-low-f1-s1,0,edge,1,300066,0.76,0.608,0.46,0.3,0.88,1,1,4,241.17,18.31,19430
feudal,9x9,low,f1,1,low-f1,corner-phase2-low-f1-s1,1,corner,0,1800101,0.88,0.704,0.71,0.17,0.95,0,1,0,90.22,7.85,5918
feudal,9x9,high,f3,1,high-f3,greedy-phase2-high-f3-s1,0,defensive,1,300095,0.78,0.624,0.2,0.58,0.44,1,1,1,1115.73,65.0,3415
feudal,9x9,high,f3,1,high-f3,greedy-phase2-high-f3-s1,1,greedy,0,500067,0.44,0.352,0.45,-0.01,0.68,0,1,0,0.0,0.0,2664
feudal,9x9,high,f3,1,high-f3,greedy-phase2-high-f3-s1,2,defensive,1,700061,0.68,0.544,0.34,0.34,0.61,1,1,171,480.99,27.99,3423
feudal,9x9,high,f3,1,high-f3,greedy-phase2-high-f3-s1,3,greedy,0,900113,0.61,0.488,0.62,-0.01,0.87,0,1,0,0.0,0.0,2796
feudal,9x9,high,f3,1,high-f3,greedy-phase2-high-f3-s1,4,defensive,1,1100083,0.87,0.696,0.38,0.49,0.44,1,1,356,973.71,56.33,3422
feudal,9x9,high,f3,1,high-f3,greedy-phase2-high-f3-s1,5,greedy,0,1300100,0.44,0.352,0.44,0.0,0.87,0,1,0,0.0,0.0,2905
feudal,9x9,high,f3,1,high-f3,greedy-phase2-high-f3-s1,6,defensive,1,1500109,0.87,0.696,0.18,0.69,0.24,1,0,3747,1705.51,89.55,3776
feudal,9x9,high,f3,1,high-f3,greedy-phase2-high-f3-s1,7,greedy,0,1700130,0.24,0.192,0.25,-0.01,0.92,0,1,0,0.0,0.0,2924
feudal,9x9,high,f3,1,high-f3,greedy-phase2-high-f3-s1,8,defensive,1,1900099,0.92,0.736,0.31,0.61,0.36,1,0,3791,1738.22,90.3,3835
feudal,9x9,high,f3,1,high-f3,greedy-phase2-high-f3-s1,9,greedy,0,2100092,0.36,0.288,0.36,0.0,0.91,0,1,0,0.0,0.0,2792
feudal,9x9,med,f1,2,med-f1,corner-phase2-med-f1-s2,0,defensive,1,300100,0.72,0.576,0.47,0.25,0.84,1,1,72,257.22,18.03,20633
feudal,9x9,med,f1,2,med-f1,corner-phase2-med-f1-s2,1,corner,0,1800124,0.84,0.672,0.19,0.65,0.77,1,1,2891,1355.3,186.55,3379
feudal,9x9,high,f3,0,high-f3,greedy-phase2-high-f3,0,defensive,1,300057,0.87,0.696,0.24,0.63,0.57,1,1,3234,1239.4,74.2,3328
feudal,9x9,high,f3,0,high-f3,greedy-phase2-high-f3,1,greedy,0,500157,0.57,0.456,0.55,0.02,0.89,0,1,0,0.12,0.01,2677
feudal,9x9,high,f3,0,high-f3,greedy-phase2-high-f3,2,defensive,1,700071,0.89,0.712,0.4,0.49,0.56,1,0,3369,1173.5,68.1,3434
feudal,9x9,high,f3,0,high-f3,greedy-phase2-high-f3,3,greedy,0,900060,0.56,0.448,0.56,0.0,0.91,0,1,0,0.0,0.0,2954
feudal,9x9,high,f3,0,high-f3,greedy-phase2-high-f3,4,defensive,1,1100084,0.91,0.728,0.35,0.56,0.53,1,0,3450,1370.52,78.52,3484
feudal,9x9,high,f3,0,high-f3,greedy-phase2-high-f3,5,greedy,0,1300093,0.53,0.424,0.52,0.01,0.94,0,1,0,0.01,0.0,3007
feudal,9x9,high,f3,0,high-f3,greedy-phase2-high-f3,6,defensive,1,1500057,0.94,0.752,0.3,0.64,0.46,1,0,3556,1521.26,84.02,3601
feudal,9x9,high,f3,0,high-f3,greedy-phase2-high-f3,7,greedy,0,1700053,0.46,0.368,0.46,0.0,0.91,0,1,0,0.0,0.0,2973
feudal,9x9,high,f3,0,high-f3,greedy-phase2-high-f3,8,defensive,1,1900123,0.91,0.728,0.3,0.61,0.38,1,0,3566,1586.4,86.9,3630
feudal,9x9,high,f3,0,high-f3,greedy-phase2-high-f3,9,greedy,0,2100109,0.38,0.304,0.39,-0.01,0.81,0,1,0,0.0,0.0,3173
feudal,9x9,high,f2,0,high-f2,greedy-phase2-high-f2,0,defensive,1,300057,0.87,0.696,0.24,0.63,0.59,1,1,3234,2493.54,151.82,8154
feudal,9x9,high,f2,0,high-f2,greedy-phase2-high-f2,1,greedy,0,800104,0.59,0.472,0.58,0.01,0.82,0,1,0,0.01,0.0,6819
feudal,9x9,high,f2,0,high-f2,greedy-phase2-high-f2,2,defensive,1,1300082,0.82,0.656,0.5,0.32,0.68,1,1,89,1281.79,77.38,8241
feudal,9x9,high,f2,0,high-f2,greedy-phase2-high-f2,3,greedy,0,1800129,0.68,0.544,0.54,0.14,0.85,1,1,2,28.25,2.0,7314
feudal,9x9,high,f2,1,high-f2,greedy-phase2-high-f2-s1,0,defensive,1,300095,0.78,0.624,0.2,0.58,0.61,1,1,1,2189.11,126.11,8656
feudal,9x9,high,f2,1,high-f2,greedy-phase2-high-f2-s1,1,greedy,0,800109,0.61,0.488,0.59,0.02,0.94,0,1,0,0.15,0.01,6479
feudal,9x9,high,f2,1,high-f2,greedy-phase2-high-f2-s1,2,defensive,1,1300068,0.94,0.752,0.44,0.5,0.57,1,1,576,2910.19,165.97,8690
feudal,9x9,high,f2,1,high-f2,greedy-phase2-high-f2-s1,3,greedy,0,1800092,0.57,0.456,0.57,0.0,0.74,0,1,0,0.0,0.0,6951
feudal,9x9,med,f2,2,med-f2,corner-phase2-med-f2-s2,0,defensive,1,300100,0.72,0.576,0.47,0.25,0.8,1,1,72,172.88,12.33,6742
feudal,9x9,med,f2,2,med-f2,corner-phase2-med-f2-s2,1,corner,0,800091,0.8,0.64,0.53,0.27,0.79,1,1,107,418.56,37.25,5727
feudal,9x9,med,f2,2,med-f2,corner-phase2-med-f2-s2,2,defensive,1,1300104,0.79,0.632,0.48,0.31,0.86,1,1,100,63.26,4.26,6854
feudal,9x9,med,f2,2,med-f2,corner-phase2-med-f2-s2,3,corner,0,1800100,0.86,0.688,0.51,0.35,0.72,1,1,251,637.12,58.06,5560
feudal,9x9,low,f3,1,low-f3,corner-phase2-low-f3-s1,0,edge,1,300066,0.76,0.608,0.67,0.09,0.78,0,1,0,11.88,1.01,2514
feudal,9x9,low,f3,1,low-f3,corner-phase2-low-f3-s1,1,corner,0,500083,0.78,0.624,0.2,0.58,0.44,1,1,121,441.63,51.35,1868
feudal,9x9,low,f3,1,low-f3,corner-phase2-low-f3-s1,2,edge,1,700376,0.44,0.352,0.44,0.0,0.6,0,1,0,0.0,0.0,618
feudal,9x9,low,f3,1,low-f3,corner-phase2-low-f3-s1,3,corner,0,900355,0.6,0.48,0.48,0.12,0.52,0,1,0,9.54,4.26,467
feudal,9x9,low,f3,1,low-f3,corner-phase2-low-f3-s1,4,edge,1,1100592,0.52,0.416,0.4,0.12,0.53,1,1,1,11.64,5.15,492
feudal,9x9,low,f3,1,low-f3,corner-phase2-low-f3-s1,5,corner,0,1301016,0.53,0.424,0.31,0.22,0.4,1,1,28,47.57,23.34,403
feudal,9x9,low,f3,1,low-f3,corner-phase2-low-f3-s1,6,edge,1,1500125,0.4,0.32,0.29,0.11,0.38,1,1,13,6.02,2.93,457
feudal,9x9,low,f3,1,low-f3,corner-phase2-low-f3-s1,7,corner,0,1700959,0.38,0.304,0.36,0.02,0.53,0,1,0,0.12,0.06,454
feudal,9x9,low,f3,1,low-f3,corner-phase2-low-f3-s1,8,edge,1,1900902,0.53,0.424,0.35,0.18,0.75,1,1,19,25.63,12.6,495
feudal,9x9,low,f3,1,low-f3,corner-phase2-low-f3-s1,9,corner,0,2100817,0.75,0.6,0.35,0.4,0.42,1,0,329,106.22,56.52,402
feudal,9x9,high,f1,1,high-f1,greedy-phase2-high-f1-s1,0,defensive,1,300095,0.78,0.624,0.19,0.59,0.43,1,1,1,6119.02,350.44,25916
feudal,9x9,high,f1,1,high-f1,greedy-phase2-high-f1-s1,1,greedy,0,1800075,0.43,0.344,0.42,0.01,0.85,0,1,0,0.06,0.0,6086
feudal,9x9,low,f2,0,low-f2,corner-phase2-low-f2,0,edge,1,300097,0.84,0.672,0.46,0.38,0.78,1,1,621,646.74,53.6,5840
feudal,9x9,low,f2,0,low-f2,corner-phase2-low-f2,1,corner,0,800154,0.78,0.624,0.56,0.22,0.77,1,1,2,222.84,17.98,6206
feudal,9x9,low,f2,0,low-f2,corner-phase2-low-f2,2,edge,1,1300107,0.77,0.616,0.54,0.23,0.92,1,1,51,70.1,5.1,6612
feudal,9x9,low,f2,0,low-f2,corner-phase2-low-f2,3,corner,0,1800140,0.92,0.736,0.66,0.26,0.79,1,1,3,453.02,38.79,5959
feudal,9x9,low,f2,1,low-f2,corner-phase2-low-f2-s1,0,edge,1,300066,0.76,0.608,0.65,0.11,0.8,0,1,0,25.26,2.07,6303
feudal,9x9,low,f2,1,low-f2,corner-phase2-low-f2-s1,1,corner,0,800089,0.8,0.64,0.58,0.22,0.77,1,1,61,86.11,6.93,6191
feudal,9x9,low,f2,1,low-f2,corner-phase2-low-f2-s1,2,edge,1,1300154,0.77,0.616,0.7,0.07,0.9,0,1,0,10.51,0.88,6408
feudal,9x9,low,f2,1,low-f2,corner-phase2-low-f2-s1,3,corner,0,1800093,0.9,0.72,0.67,0.23,0.94,1,1,3,93.95,6.88,6835
feudal,9x9,med,f1,0,med-f1,corner-phase2-med-f1,0,defensive,1,300116,0.84,0.672,0.35,0.49,0.77,1,1,800,3051.11,196.38,22800
feudal,9x9,med,f1,0,med-f1,corner-phase2-med-f1,1,corner,0,1800132,0.77,0.616,0.52,0.25,0.9,1,1,12,197.21,18.92,5689
feudal,9x9,med,f3,2,med-f3,corner-phase2-med-f3-s2,0,defensive,1,300100,0.72,0.576,0.47,0.25,0.78,1,1,72,74.93,5.49,2669
feudal,9x9,med,f3,2,med-f3,corner-phase2-med-f3-s2,1,corner,0,500197,0.78,0.624,0.53,0.25,0.64,1,1,4,230.17,17.53,2604
feudal,9x9,med,f3,2,med-f3,corner-phase2-med-f3-s2,2,defensive,1,700112,0.64,0.512,0.41,0.23,0.85,1,1,18,134.0,8.47,2945
feudal,9x9,med,f3,2,med-f3,corner-phase2-med-f3-s2,3,corner,0,900084,0.85,0.68,0.51,0.34,0.8,1,1,3,300.11,22.68,2605
feudal,9x9,med,f3,2,med-f3,corner-phase2-med-f3-s2,4,defensive,1,1100166,0.8,0.64,0.58,0.22,0.78,1,1,1,139.87,9.49,2869
feudal,9x9,med,f3,2,med-f3,corner-phase2-med-f3-s2,5,corner,0,1300121,0.78,0.624,0.43,0.35,0.65,1,1,23,329.01,28.09,2366
feudal,9x9,med,f3,2,med-f3,corner-phase2-med-f3-s2,6,defensive,1,1500128,0.65,0.52,0.65,0.0,0.66,0,1,0,0.0,0.0,2691
feudal,9x9,med,f3,2,med-f3,corner-phase2-med-f3-s2,7,corner,0,1700090,0.66,0.528,0.61,0.05,0.86,0,1,0,0.94,0.08,2418
feudal,9x9,med,f3,2,med-f3,corner-phase2-med-f3-s2,8,defensive,1,1900096,0.86,0.688,0.53,0.33,0.68,1,1,18,384.71,26.03,2908
feudal,9x9,med,f3,2,med-f3,corner-phase2-med-f3-s2,9,corner,0,2100067,0.68,0.544,0.67,0.01,0.77,0,1,0,0.01,0.0,2452
feudal,9x9,low,f3,0,low-f3,corner-phase2-low-f3,0,edge,1,300097,0.84,0.672,0.46,0.38,0.76,1,1,621,469.43,37.62,2384
feudal,9x9,low,f3,0,low-f3,corner-phase2-low-f3,1,corner,0,500255,0.76,0.608,0.45,0.31,0.72,1,1,123,162.26,15.95,2027
feudal,9x9,low,f3,0,low-f3,corner-phase2-low-f3,2,edge,1,700222,0.72,0.576,0.64,0.08,0.73,0,1,0,9.39,0.75,2229
feudal,9x9,low,f3,0,low-f3,corner-phase2-low-f3,3,corner,0,900088,0.73,0.584,0.42,0.31,0.76,1,1,39,82.41,5.86,2437
feudal,9x9,low,f3,0,low-f3,corner-phase2-low-f3,4,edge,1,1100116,0.76,0.608,0.61,0.15,0.96,0,1,0,10.79,0.77,2610
feudal,9x9,low,f3,0,low-f3,corner-phase2-low-f3,5,corner,0,1300198,0.96,0.768,0.62,0.34,0.76,1,1,1,321.53,25.24,2509
feudal,9x9,low,f3,0,low-f3,corner-phase2-low-f3,6,edge,1,1500161,0.76,0.608,0.41,0.35,0.57,1,1,3,74.09,5.33,2583
feudal,9x9,low,f3,0,low-f3,corner-phase2-low-f3,7,corner,0,1700112,0.57,0.456,0.53,0.04,0.63,0,1,0,0.67,0.05,2600
feudal,9x9,low,f3,0,low-f3,corner-phase2-low-f3,8,edge,1,1900091,0.63,0.504,0.4,0.23,0.91,1,1,45,73.91,4.72,2845
feudal,9x9,low,f3,0,low-f3,corner-phase2-low-f3,9,corner,0,2100104,0.91,0.728,0.47,0.44,0.91,1,1,3,200.94,15.2,2556
feudal,9x9,low,f1,2,low-f1,corner-phase2-low-f1-s2,0,edge,1,300124,0.72,0.576,0.47,0.25,0.94,1,1,39,159.77,11.85,20597
feudal,9x9,low,f1,2,low-f1,corner-phase2-low-f1-s2,1,corner,0,1800140,0.94,0.752,0.69,0.25,0.85,1,1,1,427.89,37.01,5822
feudal,9x9,high,f3,2,high-f3,greedy-phase2-high-f3-s2,0,defensive,1,300059,0.82,0.656,0.21,0.61,0.4,1,1,252,1343.52,77.18,3433
feudal,9x9,high,f3,2,high-f3,greedy-phase2-high-f3-s2,1,greedy,0,500059,0.4,0.32,0.41,-0.01,0.76,0,1,0,0.0,0.0,2728
feudal,9x9,high,f3,2,high-f3,greedy-phase2-high-f3-s2,2,defensive,1,700072,0.76,0.608,0.34,0.42,0.51,1,1,697,928.34,53.5,3463
feudal,9x9,high,f3,2,high-f3,greedy-phase2-high-f3-s2,3,greedy,0,900083,0.51,0.408,0.51,0.0,0.9,0,1,0,0.0,0.0,3010
feudal,9x9,high,f3,2,high-f3,greedy-phase2-high-f3-s2,4,defensive,1,1100093,0.9,0.72,0.27,0.63,0.57,1,0,3485,1412.7,79.83,3518
feudal,9x9,high,f3,2,high-f3,greedy-phase2-high-f3-s2,5,greedy,0,1300106,0.57,0.456,0.57,0.0,0.8,0,1,0,0.0,0.0,3059
feudal,9x9,high,f3,2,high-f3,greedy-phase2-high-f3-s2,6,defensive,1,1500127,0.8,0.64,0.3,0.5,0.61,1,1,14,1196.18,65.92,3615
feudal,9x9,high,f3,2,high-f3,greedy-phase2-high-f3-s2,7,greedy,0,1700052,0.61,0.488,0.6,0.01,0.86,0,1,0,0.24,0.01,3206
feudal,9x9,high,f3,2,high-f3,greedy-phase2-high-f3-s2,8,defensive,1,1900087,0.86,0.688,0.19,0.67,0.19,1,0,3727,1595.94,84.17,3771
feudal,9x9,high,f3,2,high-f3,greedy-phase2-high-f3-s2,9,greedy,0,2100095,0.19,0.152,0.2,-0.01,0.91,0,1,0,0.0,0.0,3142
feudal,9x9,med,f1,1,med-f1,corner-phase2-med-f1-s1,0,defensive,1,300110,0.76,0.608,0.34,0.42,0.92,1,1,47,286.33,18.57,20958
feudal,9x9,med,f1,1,med-f1,corner-phase2-med-f1-s1,1,corner,0,1800118,0.92,0.736,0.65,0.27,0.91,1,1,52,234.92,21.65,5497
feudal,9x9,high,f1,0,high-f1,greedy-phase2-high-f1,0,defensive,1,300057,0.87,0.696,0.24,0.63,0.53,1,1,3234,7439.5,427.66,25873
feudal,9x9,high,f1,0,high-f1,greedy-phase2-high-f1,1,greedy,0,1800056,0.53,0.424,0.39,0.14,0.74,1,1,1,11.61,0.83,7484
feudal,9x9,high,f2,2,high-f2,greedy-phase2-high-f2-s2,0,defensive,1,300059,0.82,0.656,0.21,0.61,0.58,1,1,252,2529.56,146.28,8529
feudal,9x9,high,f2,2,high-f2,greedy-phase2-high-f2-s2,1,greedy,0,800069,0.58,0.464,0.55,0.03,0.82,0,1,0,0.12,0.01,7187
feudal,9x9,high,f2,2,high-f2,greedy-phase2-high-f2-s2,2,defensive,1,1300113,0.82,0.656,0.28,0.54,0.52,1,1,459,2621.65,145.52,8954
feudal,9x9,high,f2,2,high-f2,greedy-phase2-high-f2-s2,3,greedy,0,1800078,0.52,0.416,0.51,0.01,0.83,0,1,0,0.07,0.0,7283
